cause,dimension,group,cause_share,lf_share,ratio
Temporary Layoff,Age,16–24,0.16755379838271317,0.1423807387116612,1.1768010188655542
Temporary Layoff,Age,25–34,0.2258721934886243,0.22511262853358457,1.0033741552394801
Temporary Layoff,Age,35–44,0.21358128340214666,0.231277218616216,0.9234860427674281
Temporary Layoff,Age,45–54,0.19074364001387606,0.21327676743243904,0.894347951303693
Temporary Layoff,Age,55–64,0.13882320518259772,0.14006340053843,0.991145471614535
Temporary Layoff,Age,65+,0.06342587953004213,0.04788924616766923,1.3244284386514715
Temporary Layoff,Age (single year),16,0.009481720286803021,0.006794989564567532,1.395398800352166
Temporary Layoff,Age (single year),17,0.013357486147011656,0.010178466180715995,1.312327998133805
Temporary Layoff,Age (single year),18,0.014906146873457244,0.012924601401672078,1.1533157898029112
Temporary Layoff,Age (single year),19,0.017454778597608623,0.014901716512966432,1.1713267114174863
Temporary Layoff,Age (single year),20,0.02192797127273599,0.01730159344092099,1.2673960550288326
Temporary Layoff,Age (single year),21,0.02306376766261505,0.018308497489587214,1.259730225035252
Temporary Layoff,Age (single year),22,0.022286535764546114,0.019472524182496332,1.1445119058873359
Temporary Layoff,Age (single year),23,0.021936229494660054,0.0207474374020951,1.0572982614443223
Temporary Layoff,Age (single year),24,0.02313916228327541,0.021750912536639522,1.063824896739269
Temporary Layoff,Age (single year),25,0.023388960167152653,0.02164019339891659,1.0808110508071345
Temporary Layoff,Age (single year),26,0.02177170515824015,0.021921396441712003,0.9931714531111248
Temporary Layoff,Age (single year),27,0.0216713799683567,0.022041878174744838,0.9831911689443668
Temporary Layoff,Age (single year),28,0.023953949095626356,0.022595231373944848,1.060132941291687
Temporary Layoff,Age (single year),29,0.022933312955279537,0.022865557538448992,1.0029632086038844
Temporary Layoff,Age (single year),30,0.022550358842229085,0.022851912656513488,0.9868040010997307
Temporary Layoff,Age (single year),31,0.023057212080580567,0.022570042884797088,1.0215847704973406
Temporary Layoff,Age (single year),32,0.02096306580714328,0.02261026973957322,0.927147975172231
Temporary Layoff,Age (single year),33,0.022708557208481313,0.022877058804496853,0.9926344729252338
Temporary Layoff,Age (single year),34,0.02287369220553465,0.02313908752043667,0.9885304329884391
Temporary Layoff,Age (single year),35,0.022876901660557288,0.023218290023412715,0.9852965759962865
Temporary Layoff,Age (single year),36,0.021680541009335683,0.022982719653394334,0.9433409681840533
Temporary Layoff,Age (single year),37,0.021283813271591318,0.02300123389359305,0.9253335438460927
Temporary Layoff,Age (single year),38,0.022156443852864003,0.023150763451494288,0.9570502458498359
Temporary Layoff,Age (single year),39,0.02183861948951185,0.023145137259531417,0.9435510900035157
Temporary Layoff,Age (single year),40,0.02141136048409113,0.023786594840924474,0.9001439940135193
Temporary Layoff,Age (single year),41,0.0199257434200241,0.023237961578396787,0.8574652020488795
Temporary Layoff,Age (single year),42,0.022062662268257722,0.023035326551854952,0.9577751033219494
Temporary Layoff,Age (single year),43,0.020325536929985656,0.02295654409901725,0.8853918447966989
Temporary Layoff,Age (single year),44,0.020019661015927906,0.022762647264596717,0.879496166821728
Temporary Layoff,Age (single year),45,0.020144218291227787,0.022982164154382985,0.8765152905491729
Temporary Layoff,Age (single year),46,0.020199941059618722,0.02255393563327422,0.8956282126573685
Temporary Layoff,Age (single year),47,0.019951853829313623,0.02234585186189617,0.8928661101228923
Temporary Layoff,Age (single year),48,0.019624147043004348,0.022011209660484393,0.8915524110532909
Temporary Layoff,Age (single year),49,0.019624515582287984,0.02163328347638009,0.9071445674769923
Temporary Layoff,Age (single year),50,0.019973421791869842,0.021740105765744873,0.9187361831211174
Temporary Layoff,Age (single year),51,0.019126806766971153,0.020946630581474952,0.9131209285700947
Temporary Layoff,Age (single year),52,0.018014074670387212,0.02029579922791753,0.8875765111830762
Temporary Layoff,Age (single year),53,0.017195049733376645,0.019731560669106803,0.8714490466179136
Temporary Layoff,Age (single year),54,0.016889611245818743,0.019036226401776987,0.8872352581519065
Temporary Layoff,Age (single year),55,0.017216738586810863,0.018545296554051204,0.9283614600948444
Temporary Layoff,Age (single year),56,0.016577334780642848,0.017630717462071434,0.940252988359963
Temporary Layoff,Age (single year),57,0.016284457765114585,0.01668125109675712,0.9762132151035318
Temporary Layoff,Age (single year),58,0.015077172593471645,0.01593937589093754,0.9459073364374254
Temporary Layoff,Age (single year),59,0.014691188119514656,0.015025898464726056,0.9777244371777737
Temporary Layoff,Age (single year),60,0.013832774637388474,0.014042150657220271,0.9850894620814983
Temporary Layoff,Age (single year),61,0.014173929041135135,0.01281800842084978,1.1057824722661138
Temporary Layoff,Age (single year),62,0.011252471625287416,0.011078311632993242,1.015720806388538
Temporary Layoff,Age (single year),63,0.010474067438866589,0.009696856273160569,1.0801508389741965
Temporary Layoff,Age (single year),64,0.009243070594365495,0.008605534085662801,1.074084478936044
Temporary Layoff,Age (single year),65,0.00861038485436128,0.007210780136213687,1.194098931281867
Temporary Layoff,Age (single year),66,0.0072047866772125945,0.006004552318596191,1.1998874012470937
Temporary Layoff,Age (single year),67,0.006419075440144497,0.005155096065696127,1.2451902657759077
Temporary Layoff,Age (single year),68,0.005880791686065874,0.004462760600614543,1.3177475137824022
Temporary Layoff,Age (single year),69,0.0050697154582176164,0.0038434856766041154,1.319041069693
Temporary Layoff,Age (single year),70,0.0043930635507693555,0.003283706881437138,1.3378366916984683
Temporary Layoff,Age (single year),71,0.004081134356067652,0.0027744327480429144,1.4709797377307074
Temporary Layoff,Age (single year),72,0.0036002634263727173,0.0024360663464573964,1.4779003993911466
Temporary Layoff,Age (single year),73,0.0030163120188051507,0.002083476370779149,1.4477303707923277
Temporary Layoff,Age (single year),74,0.00270333381346428,0.001776247761767919,1.5219350991742402
Temporary Layoff,Age (single year),75,0.002280262977357668,0.0015227052162090741,1.4975078256017333
Temporary Layoff,Age (single year),76,0.0019638065152710726,0.0012873772934356982,1.5254319967304601
Temporary Layoff,Age (single year),77,0.0017823378037954507,0.0011162892929190873,1.5966629932771745
Temporary Layoff,Age (single year),78,0.001353478961422827,9.322498041922019e-4,1.451841507862393
Temporary Layoff,Age (single year),79,0.001132374506135033,7.475097373826859e-4,1.5148625489480634
Temporary Layoff,Age (single year),80,0.0025665602110829387,0.0020309934313715184,1.2636969531456117
Temporary Layoff,Age (single year),81,4.2448234108763866e-5,6.442137553676673e-5,0.6589153639623497
Temporary Layoff,Age (single year),82,3.2102010536619014e-5,4.651806916260267e-5,0.6900976569858756
Temporary Layoff,Age (single year),83,2.617447917727798e-5,4.2691042464259094e-5,0.6131140788888262
Temporary Layoff,Age (single year),84,8.932738881826226e-6,3.1973652465349985e-5,0.27937811895299364
Temporary Layoff,Age (single year),85,0.0011241808356380106,9.265460306252155e-4,1.2133027377813437
Temporary Layoff,Age (single year),86,4.272837684547083e-5,1.7554981471256343e-5,2.433974477012816
Temporary Layoff,Age (single year),87,1.5665820296455067e-5,1.468595986738331e-5,1.0667208979133855
Temporary Layoff,Age (single year),88,1.643109439747461e-5,1.2899115503091612e-5,1.2738155878623203
Temporary Layoff,Age (single year),89,1.2100511614609489e-5,9.76789705816587e-6,1.2388041706985
Temporary Layoff,Age (single year),90,4.743317199960935e-5,5.4458361795692424e-5,0.8709988775931421
Temporary Layoff,Class,Government,0.10086905410272903,0.1368287492081135,0.7371919621168899
Temporary Layoff,Class,Private Sector,0.8418501676331912,0.7542474548495317,1.1161458513653661
Temporary Layoff,Class,Self-Employed,0.05669991436380821,0.10337250742114047,0.5485009097516835
Temporary Layoff,Class,Unpaid Family,5.80863900271535e-4,7.771194630971052e-4,0.7474576662339404
Temporary Layoff,Education,Below HS,0.21379088618260994,0.10711985988003218,1.9958099872613997
Temporary Layoff,Education,College+,0.15655425127888123,0.3254796078618,0.4809955754443295
Temporary Layoff,Education,HS Diploma,0.37667126030765996,0.28733044914848077,1.310934018388742
Temporary Layoff,Education,Some College,0.25298360223084887,0.280070083109687,0.9032867753024876
Temporary Layoff,Foreign Born,Foreign Born,0.20662804766883444,0.167081888505942,1.2366872885895472
Temporary Layoff,Foreign Born,Native Born,0.7933719523311655,0.832918111494058,0.9525209517992639
Temporary Layoff,Noncitizen,Citizen,0.9921817523870151,0.9907847346040799,1.001410011412311
Temporary Layoff,Noncitizen,Noncitizen,0.007818247612984934,0.009215265395920155,0.8484017851994021
Temporary Layoff,Occupation,Blue Collar,0.5094237903539647,0.24773057166247808,2.056362228268023
Temporary Layoff,Occupation,Service,0.174524947381049,0.15251524112875503,1.144311519880909
Temporary Layoff,Occupation,White Collar,0.3160512622649863,0.5948021095431004,0.5313553149765429
Temporary Layoff,Race/Ethnicity,Asian/PI non-Hisp,0.03510115470828881,0.05224268665417047,0.6718864774441444
Temporary Layoff,Race/Ethnicity,Black non-Hisp,0.12180035627671058,0.11406594532422758,1.0678064862435346
Temporary Layoff,Race/Ethnicity,Hispanic,0.21718781166126386,0.1486600631899826,1.4609694560919504
Temporary Layoff,Race/Ethnicity,Other,0.022881105730775987,0.016937904508397248,1.3508817291674007
Temporary Layoff,Race/Ethnicity,White non-Hisp,0.6030295716229608,0.6680934003232221,0.9026126756097522
Temporary Layoff,Sex,Female,0.39692652024680014,0.4667618486911966,0.8503833836458246
Temporary Layoff,Sex,Male,0.6030734797531999,0.5332381513088035,1.1309646136027391
Permanent Job Losers,Age,16–24,0.13498267424135682,0.1423807387116612,0.9480402718988108
Permanent Job Losers,Age,25–34,0.24323023151855855,0.22511262853358457,1.0804823927604355
Permanent Job Losers,Age,35–44,0.23110203784442504,0.231277218616216,0.9992425506807843
Permanent Job Losers,Age,45–54,0.2201288388278011,0.21327676743243904,1.0321276033852709
Permanent Job Losers,Age,55–64,0.14071704260491502,0.14006340053843,1.0046667585105908
Permanent Job Losers,Age,65+,0.029839174962943485,0.04788924616766923,0.6230871719815956
Permanent Job Losers,Age (single year),16,0.0012592550130090215,0.006794989564567532,0.18532111065709445
Permanent Job Losers,Age (single year),17,0.002936402542901117,0.010178466180715995,0.28849165392565645
Permanent Job Losers,Age (single year),18,0.007464341515156689,0.012924601401672078,0.577529726695557
Permanent Job Losers,Age (single year),19,0.013465471565500394,0.014901716512966432,0.9036188249711825
Permanent Job Losers,Age (single year),20,0.019234868302769072,0.01730159344092099,1.111739700071531
Permanent Job Losers,Age (single year),21,0.021242277255637713,0.018308497489587214,1.1602414271143253
Permanent Job Losers,Age (single year),22,0.021812797807772323,0.019472524182496332,1.120183372393993
Permanent Job Losers,Age (single year),23,0.02331483267205257,0.0207474374020951,1.1237451748955856
Permanent Job Losers,Age (single year),24,0.024252427566557933,0.021750912536639522,1.1150073600684383
Permanent Job Losers,Age (single year),25,0.025022871212810917,0.02164019339891659,1.1563145833097628
Permanent Job Losers,Age (single year),26,0.024981422193837498,0.021921396441712003,1.1395908221568807
Permanent Job Losers,Age (single year),27,0.024587851856596756,0.022041878174744838,1.1155062042203394
Permanent Job Losers,Age (single year),28,0.02456459411360569,0.022595231373944848,1.0871583347418945
Permanent Job Losers,Age (single year),29,0.024820742374522496,0.022865557538448992,1.0855078575182702
Permanent Job Losers,Age (single year),30,0.024502129753849126,0.022851912656513488,1.0722135219987932
Permanent Job Losers,Age (single year),31,0.023842670260290424,0.022570042884797088,1.0563856870803983
Permanent Job Losers,Age (single year),32,0.0235821377723192,0.02261026973957322,1.0429834780363096
Permanent Job Losers,Age (single year),33,0.023237498056230963,0.022877058804496853,1.0157554891480745
Permanent Job Losers,Age (single year),34,0.02408831392449548,0.02313908752043667,1.0410226376999718
Permanent Job Losers,Age (single year),35,0.0234124008655125,0.023218290023412715,1.0083602557252944
Permanent Job Losers,Age (single year),36,0.0232680211138472,0.022982719653394334,1.0124137380064473
Permanent Job Losers,Age (single year),37,0.023277536702231115,0.02300123389359305,1.01201252115066
Permanent Job Losers,Age (single year),38,0.023020669845448823,0.023150763451494288,0.9943805911058597
Permanent Job Losers,Age (single year),39,0.02244777535040443,0.023145137259531417,0.9698700465109662
Permanent Job Losers,Age (single year),40,0.023885565775166616,0.023786594840924474,1.004160786144634
Permanent Job Losers,Age (single year),41,0.023514971954071612,0.023237961578396787,1.0119205970257026
Permanent Job Losers,Age (single year),42,0.022817212967720477,0.023035326551854952,0.9905313439493258
Permanent Job Losers,Age (single year),43,0.022715631632460556,0.02295654409901725,0.9895057171707736
Permanent Job Losers,Age (single year),44,0.02274225163756171,0.022762647264596717,0.9991039870363968
Permanent Job Losers,Age (single year),45,0.02295341106138434,0.022982164154382985,0.9987488953257188
Permanent Job Losers,Age (single year),46,0.023263870078873147,0.02255393563327422,1.0314771868263892
Permanent Job Losers,Age (single year),47,0.02257548303761286,0.02234585186189617,1.0102762327941615
Permanent Job Losers,Age (single year),48,0.022242288036512597,0.022011209660484393,1.0104982133918359
Permanent Job Losers,Age (single year),49,0.022449319770400936,0.02163328347638009,1.0377213331906745
Permanent Job Losers,Age (single year),50,0.02290280842713215,0.021740105765744873,1.0534819229453476
Permanent Job Losers,Age (single year),51,0.021761116609437706,0.020946630581474952,1.0388838684481827
Permanent Job Losers,Age (single year),52,0.02107297904786308,0.02029579922791753,1.0382926442668252
Permanent Job Losers,Age (single year),53,0.020864331480603886,0.019731560669106803,1.0574090833712222
Permanent Job Losers,Age (single year),54,0.020043231277980404,0.019036226401776987,1.0528993958650028
Permanent Job Losers,Age (single year),55,0.019829753700070066,0.018545296554051204,1.0692605341885608
Permanent Job Losers,Age (single year),56,0.01823843847980979,0.017630717462071434,1.0344694434044293
Permanent Job Losers,Age (single year),57,0.01686986430503037,0.01668125109675712,1.0113068982164004
Permanent Job Losers,Age (single year),58,0.016324971382043845,0.01593937589093754,1.0241913794959523
Permanent Job Losers,Age (single year),59,0.015345608362296198,0.015025898464726056,1.0212772566193413
Permanent Job Losers,Age (single year),60,0.015219377319264541,0.014042150657220271,1.0838352109147154
Permanent Job Losers,Age (single year),61,0.013505068002119525,0.01281800842084978,1.0536011179515357
Permanent Job Losers,Age (single year),62,0.009768392660961647,0.011078311632993242,0.8817582484202362
Permanent Job Losers,Age (single year),63,0.008444471200687885,0.009696856273160569,0.8708462787120919
Permanent Job Losers,Age (single year),64,0.0071710971926311675,0.008605534085662801,0.8333122757108744
Permanent Job Losers,Age (single year),65,0.0058736965957795,0.007210780136213687,0.8145715837709236
Permanent Job Losers,Age (single year),66,0.004478011612892474,0.006004552318596191,0.7457694388012914
Permanent Job Losers,Age (single year),67,0.0037462384797639567,0.005155096065696127,0.7267058522328579
Permanent Job Losers,Age (single year),68,0.002688529825800572,0.004462760600614543,0.6024364886232859
Permanent Job Losers,Age (single year),69,0.0023001924214607816,0.0038434856766041154,0.5984651993013541
Permanent Job Losers,Age (single year),70,0.0018939807582785345,0.003283706881437138,0.5767813104711771
Permanent Job Losers,Age (single year),71,0.0015888402812131994,0.0027744327480429144,0.5726721191328094
Permanent Job Losers,Age (single year),72,0.0013629938025237097,0.0024360663464573964,0.5595060267984153
Permanent Job Losers,Age (single year),73,9.489843721421914e-4,0.002083476370779149,0.4554812262100691
Permanent Job Losers,Age (single year),74,8.661792009923954e-4,0.001776247761767919,0.48764548484513087
Permanent Job Losers,Age (single year),75,7.547990991364306e-4,0.0015227052162090741,0.49569614072484625
Permanent Job Losers,Age (single year),76,4.4856741965570166e-4,0.0012873772934356982,0.34843508732283435
Permanent Job Losers,Age (single year),77,5.564332218004136e-4,0.0011162892929190873,0.4984668627837012
Permanent Job Losers,Age (single year),78,5.64281012184723e-4,9.322498041922019e-4,0.6052894939180756
Permanent Job Losers,Age (single year),79,3.172150594761639e-4,7.475097373826859e-4,0.4243624445440051
Permanent Job Losers,Age (single year),80,8.660291590952794e-4,0.0020309934313715184,0.42640667651517455
Permanent Job Losers,Age (single year),81,5.85255366875489e-6,6.442137553676673e-5,0.09084800844425785
Permanent Job Losers,Age (single year),82,3.3828221371914246e-6,4.651806916260267e-5,0.07272060509147231
Permanent Job Losers,Age (single year),83,6.401504027825988e-6,4.2691042464259094e-5,0.14994958329221691
Permanent Job Losers,Age (single year),84,6.110095660975066e-6,3.1973652465349985e-5,0.19109783180375184
Permanent Job Losers,Age (single year),85,5.382892528187446e-4,9.265460306252155e-4,0.580963314316416
Permanent Job Losers,Age (single year),86,2.864218408531147e-6,1.7554981471256343e-5,0.1631570168969347
Permanent Job Losers,Age (single year),89,2.377139097644827e-6,9.76789705816587e-6,0.24336242320014637
Permanent Job Losers,Age (single year),90,1.8925054927790922e-5,5.4458361795692424e-5,0.3475142164354982
Permanent Job Losers,Class,Government,0.045750512732861626,0.1368287492081135,0.33436330447833085
Permanent Job Losers,Class,Private Sector,0.9191896072504494,0.7542474548495317,1.2186844003786832
Permanent Job Losers,Class,Self-Employed,0.03480285854968939,0.10337250742114047,0.33667422236264666
Permanent Job Losers,Class,Unpaid Family,2.570214669995754e-4,7.771194630971052e-4,0.3307361084166531
Permanent Job Losers,Education,Below HS,0.14706607923236395,0.10711985988003218,1.3729114227470904
Permanent Job Losers,Education,College+,0.21114944617528822,0.3254796078618,0.6487332572458522
Permanent Job Losers,Education,HS Diploma,0.3677024218029194,0.28733044914848077,1.2797196499452992
Permanent Job Losers,Education,Some College,0.27408205278942843,0.280070083109687,0.9786195288915831
Permanent Job Losers,Foreign Born,Foreign Born,0.1769482946243315,0.167081888505942,1.0590513203233194
Permanent Job Losers,Foreign Born,Native Born,0.8230517053756685,0.832918111494058,0.9881544104009319
Permanent Job Losers,Noncitizen,Citizen,0.9909351939441059,0.9907847346040799,1.000151858758791
Permanent Job Losers,Noncitizen,Noncitizen,0.009064806055894175,0.009215265395920155,0.9836728153165732
Permanent Job Losers,Occupation,Blue Collar,0.34392790015037733,0.24773057166247808,1.388314320038642
Permanent Job Losers,Occupation,No Prior Job / Other,9.204549815973132e-4,0.004952077665666583,0.18587248499330913
Permanent Job Losers,Occupation,Service,0.16354758431891667,0.15251524112875503,1.0723360046413197
Permanent Job Losers,Occupation,White Collar,0.49160406054910877,0.5948021095431004,0.8265001967238085
Permanent Job Losers,Race/Ethnicity,Asian/PI non-Hisp,0.04524408959085293,0.05224268665417047,0.8660368079910215
Permanent Job Losers,Race/Ethnicity,Black non-Hisp,0.1905426828750176,0.11406594532422758,1.6704607350897602
Permanent Job Losers,Race/Ethnicity,Hispanic,0.1721980500428686,0.1486600631899826,1.1583342987201966
Permanent Job Losers,Race/Ethnicity,Other,0.022251900929218835,0.016937904508397248,1.3137339933748644
Permanent Job Losers,Race/Ethnicity,White non-Hisp,0.5697632765620421,0.6680934003232221,0.8528197947867647
Permanent Job Losers,Sex,Female,0.40481854978981063,0.4667618486911966,0.867291426934152
Permanent Job Losers,Sex,Male,0.5951814502101893,0.5332381513088035,1.116164416873304
Completed Temp Job,Age,16–24,0.2133879026536453,0.1423807387116612,1.4987132710821403
Completed Temp Job,Age,25–34,0.2616533592371366,0.22511262853358457,1.162321993846296
Completed Temp Job,Age,35–44,0.21321974908732064,0.231277218616216,0.9219228351286076
Completed Temp Job,Age,45–54,0.17691711183133735,0.21327676743243904,0.8295189108554941
Completed Temp Job,Age,55–64,0.10688623080474008,0.14006340053843,0.763127486508605
Completed Temp Job,Age,65+,0.02793564638581993,0.04788924616766923,0.5833386119299517
Completed Temp Job,Age (single year),16,0.0028864570018509246,0.006794989564567532,0.42479196979232353
Completed Temp Job,Age (single year),17,0.0051500162108839035,0.010178466180715995,0.5059717367476315
Completed Temp Job,Age (single year),18,0.015386006475110764,0.012924601401672078,1.1904434030066295
Completed Temp Job,Age (single year),19,0.0251246683549459,0.014901716512966432,1.6860251188568893
Completed Temp Job,Age (single year),20,0.03098901067144188,0.01730159344092099,1.791107320678799
Completed Temp Job,Age (single year),21,0.03304161724110543,0.018308497489587214,1.8047148467479397
Completed Temp Job,Age (single year),22,0.03261757307783026,0.019472524182496332,1.6750562367846429
Completed Temp Job,Age (single year),23,0.03354627889603326,0.0207474374020951,1.6168878231027084
Completed Temp Job,Age (single year),24,0.03464627472444298,0.021750912536639522,1.592865341446303
Completed Temp Job,Age (single year),25,0.030666395540462778,0.02164019339891659,1.4171035801370464
Completed Temp Job,Age (single year),26,0.028827703698286234,0.021921396441712003,1.3150486911241164
Completed Temp Job,Age (single year),27,0.027941464567016957,0.022041878174744838,1.2676535250535843
Completed Temp Job,Age (single year),28,0.028568617514369295,0.022595231373944848,1.2643649025569401
Completed Temp Job,Age (single year),29,0.02642530383928474,0.022865557538448992,1.1556815876826947
Completed Temp Job,Age (single year),30,0.024426832997397546,0.022851912656513488,1.0689185349408885
Completed Temp Job,Age (single year),31,0.024175065658858876,0.022570042884797088,1.0711129696232395
Completed Temp Job,Age (single year),32,0.023630932287207595,0.02261026973957322,1.0451415467126417
Completed Temp Job,Age (single year),33,0.023165203554672973,0.022877058804496853,1.0125953581987333
Completed Temp Job,Age (single year),34,0.023825839579579625,0.02313908752043667,1.0296793060027285
Completed Temp Job,Age (single year),35,0.02358213106293968,0.023218290023412715,1.0156704494241426
Completed Temp Job,Age (single year),36,0.021776026898973733,0.022982719653394334,0.9474956500962938
Completed Temp Job,Age (single year),37,0.022412660435842117,0.02300123389359305,0.9744112224381632
Completed Temp Job,Age (single year),38,0.021424667481557944,0.023150763451494288,0.925441077848129
Completed Temp Job,Age (single year),39,0.022128763425384983,0.023145137259531417,0.9560869385759257
Completed Temp Job,Age (single year),40,0.0204607191200672,0.023786594840924474,0.860178569353897
Completed Temp Job,Age (single year),41,0.019517012234378114,0.023237961578396787,0.83987625887643
Completed Temp Job,Age (single year),42,0.020636930179426426,0.023035326551854952,0.8958818158262492
Completed Temp Job,Age (single year),43,0.021223506460285622,0.02295654409901725,0.924507903661082
Completed Temp Job,Age (single year),44,0.02005733178846482,0.022762647264596717,0.8811511049358683
Completed Temp Job,Age (single year),45,0.020060216470793837,0.022982164154382985,0.87286020307048
Completed Temp Job,Age (single year),46,0.018952054453595057,0.02255393563327422,0.8402992170304306
Completed Temp Job,Age (single year),47,0.01923968554537386,0.02234585186189617,0.8609958422834217
Completed Temp Job,Age (single year),48,0.01814339552689679,0.022011209660484393,0.8242798013717849
Completed Temp Job,Age (single year),49,0.018634478615262948,0.02163328347638009,0.8613800413427146
Completed Temp Job,Age (single year),50,0.017794059754038225,0.021740105765744873,0.8184900269471413
Completed Temp Job,Age (single year),51,0.016643527765486946,0.020946630581474952,0.7945682576846684
Completed Temp Job,Age (single year),52,0.016092898871275598,0.02029579922791753,0.7929177210789164
Completed Temp Job,Age (single year),53,0.015490244661301307,0.019731560669106803,0.7850491363085124
Completed Temp Job,Age (single year),54,0.015866550167312782,0.019036226401776987,0.8334924071837934
Completed Temp Job,Age (single year),55,0.014822563533269238,0.018545296554051204,0.799262685828082
Completed Temp Job,Age (single year),56,0.013967080621417454,0.017630717462071434,0.7922014887632634
Completed Temp Job,Age (single year),57,0.013152262758547787,0.01668125109675712,0.7884458235332613
Completed Temp Job,Age (single year),58,0.01245013785728035,0.01593937589093754,0.7810931834764606
Completed Temp Job,Age (single year),59,0.011548031048623354,0.015025898464726056,0.7685417997288385
Completed Temp Job,Age (single year),60,0.011193442197270675,0.014042150657220271,0.7971316125650004
Completed Temp Job,Age (single year),61,0.010313742134828316,0.01281800842084978,0.8046290653118918
Completed Temp Job,Age (single year),62,0.0075056199409881275,0.011078311632993242,0.6775057598700344
Completed Temp Job,Age (single year),63,0.006318129315220072,0.009696856273160569,0.6515647068738863
Completed Temp Job,Age (single year),64,0.005615221397294701,0.008605534085662801,0.6525128296975672
Completed Temp Job,Age (single year),65,0.004768485966799242,0.007210780136213687,0.6612995926544959
Completed Temp Job,Age (single year),66,0.0036507320103669545,0.006004552318596191,0.6079940379669241
Completed Temp Job,Age (single year),67,0.0032065970720173294,0.005155096065696127,0.6220246977268156
Completed Temp Job,Age (single year),68,0.002530291941879621,0.004462760600614543,0.5669790894746153
Completed Temp Job,Age (single year),69,0.0022252474943956903,0.0038434856766041154,0.5789659911941683
Completed Temp Job,Age (single year),70,0.0017660104788804981,0.003283706881437138,0.5378100246595673
Completed Temp Job,Age (single year),71,0.001719422674779117,0.0027744327480429144,0.6197384586063578
Completed Temp Job,Age (single year),72,0.0011111410833995463,0.0024360663464573964,0.45612102684124445
Completed Temp Job,Age (single year),73,0.0012419519880213935,0.002083476370779149,0.596096027504716
Completed Temp Job,Age (single year),74,9.829510804715013e-4,0.001776247761767919,0.5533862457865446
Completed Temp Job,Age (single year),75,8.860925316647876e-4,0.0015227052162090741,0.5819199423712509
Completed Temp Job,Age (single year),76,7.073686039737664e-4,0.0012873772934356982,0.5494648752783039
Completed Temp Job,Age (single year),77,7.023736994690744e-4,0.0011162892929190873,0.629204010039703
Completed Temp Job,Age (single year),78,5.733844043564298e-4,9.322498041922019e-4,0.6150544647775706
Completed Temp Job,Age (single year),79,4.081027143148912e-4,7.475097373826859e-4,0.5459496965802921
Completed Temp Job,Age (single year),80,8.258225673325487e-4,0.0020309934313715184,0.40661016159706403
Completed Temp Job,Age (single year),81,7.3722023339077205e-6,6.442137553676673e-5,0.11443720771997856
Completed Temp Job,Age (single year),82,1.643299534465877e-5,4.651806916260267e-5,0.35326047792778487
Completed Temp Job,Age (single year),83,4.548918236087947e-6,4.2691042464259094e-5,0.10655439580554393
Completed Temp Job,Age (single year),84,6.006828134692867e-6,3.1973652465349985e-5,0.18786806234297124
Completed Temp Job,Age (single year),85,5.662229134396276e-4,9.265460306252155e-4,0.6111114771681135
Completed Temp Job,Age (single year),90,2.9086216208561724e-5,5.4458361795692424e-5,0.534100094998862
Completed Temp Job,Class,Government,0.080064005550198,0.1368287492081135,0.5851402283040856
Completed Temp Job,Class,Private Sector,0.8167656052567643,0.7542474548495317,1.0828881158368704
Completed Temp Job,Class,Self-Employed,0.10277757163979585,0.10337250742114047,0.9942447387977071
Completed Temp Job,Class,Unpaid Family,3.928175532418379e-4,7.771194630971052e-4,0.505478979610569
Completed Temp Job,Education,Below HS,0.22293079399808105,0.10711985988003218,2.0811341076038574
Completed Temp Job,Education,College+,0.1730675787350619,0.3254796078618,0.5317309427524783
Completed Temp Job,Education,HS Diploma,0.3729899227322671,0.28733044914848077,1.2981218100540433
Completed Temp Job,Education,Some College,0.23101170453458988,0.280070083109687,0.8248353482443042
Completed Temp Job,Foreign Born,Foreign Born,0.20682236403652587,0.167081888505942,1.2378502893757426
Completed Temp Job,Foreign Born,Native Born,0.793177635963474,0.832918111494058,0.9522876559145784
Completed Temp Job,Noncitizen,Citizen,0.9926247346473681,0.9907847346040799,1.0018571138401962
Completed Temp Job,Noncitizen,Noncitizen,0.007375265352631866,0.009215265395920155,0.800331302004291
Completed Temp Job,Occupation,Blue Collar,0.4587492324276861,0.24773057166247808,1.8518071037785018
Completed Temp Job,Occupation,No Prior Job / Other,0.0011017541864948607,0.004952077665666583,0.22248322035283694
Completed Temp Job,Occupation,Service,0.1608775603996529,0.15251524112875503,1.054829400714374
Completed Temp Job,Occupation,White Collar,0.37927145298616605,0.5948021095431004,0.6376430865006597
Completed Temp Job,Race/Ethnicity,Asian/PI non-Hisp,0.032576762248526854,0.05224268665417047,0.6235659828173536
Completed Temp Job,Race/Ethnicity,Black non-Hisp,0.24118690465554876,0.11406594532422758,2.114451460249466
Completed Temp Job,Race/Ethnicity,Hispanic,0.231491906206651,0.1486600631899826,1.5571896125915947
Completed Temp Job,Race/Ethnicity,Other,0.02661466920955308,0.016937904508397248,1.5713082569545964
Completed Temp Job,Race/Ethnicity,White non-Hisp,0.46812975767972037,0.6680934003232221,0.7006950786420585
Completed Temp Job,Sex,Female,0.36077973591162715,0.4667618486911966,0.7729417837452996
Completed Temp Job,Sex,Male,0.6392202640883728,0.5332381513088035,1.198751931982815
Job Leavers,Age,16–24,0.2908878417718268,0.1423807387116612,2.0430280416012665
Job Leavers,Age,25–34,0.2844293010455404,0.22511262853358457,1.263497756204763
Job Leavers,Age,35–44,0.18880708454627773,0.231277218616216,0.8163669801805525
Job Leavers,Age,45–54,0.13765504784960544,0.21327676743243904,0.6454291740576538
Job Leavers,Age,55–64,0.07802304566940632,0.14006340053843,0.5570552004982822
Job Leavers,Age,65+,0.02019767911734338,0.04788924616766923,0.42175813431323433
Job Leavers,Age (single year),16,0.004867527633458053,0.006794989564567532,0.7163407076943535
Job Leavers,Age (single year),17,0.010665388247127901,0.010178466180715995,1.0478384520581718
Job Leavers,Age (single year),18,0.02677066102597906,0.012924601401672078,2.0712949045001645
Job Leavers,Age (single year),19,0.03954941773307292,0.014901716512966432,2.654017589091819
Job Leavers,Age (single year),20,0.04465421818962562,0.01730159344092099,2.580930961191781
Job Leavers,Age (single year),21,0.04167299016575427,0.018308497489587214,2.2761556588384924
Job Leavers,Age (single year),22,0.04202395331716827,0.019472524182496332,2.158115348750893
Job Leavers,Age (single year),23,0.041579653365486996,0.0207474374020951,2.0040862184400776
Job Leavers,Age (single year),24,0.03910403209415373,0.021750912536639522,1.7978111046275778
Job Leavers,Age (single year),25,0.03629206929211413,0.02164019339891659,1.677067696351137
Job Leavers,Age (single year),26,0.034600498593944894,0.021921396441712003,1.5783893460412546
Job Leavers,Age (single year),27,0.031239781088771457,0.022041878174744838,1.4172921581866558
Job Leavers,Age (single year),28,0.030378466298764492,0.022595231373944848,1.3444636080954098
Job Leavers,Age (single year),29,0.029073584393609957,0.022865557538448992,1.2715012238263605
Job Leavers,Age (single year),30,0.026841638360569343,0.022851912656513488,1.1745904495621577
Job Leavers,Age (single year),31,0.025659381926702293,0.022570042884797088,1.1368778543166236
Job Leavers,Age (single year),32,0.023614790236866082,0.02261026973957322,1.0444276211147856
Job Leavers,Age (single year),33,0.023398994409851465,0.022877058804496853,1.022814803677998
Job Leavers,Age (single year),34,0.023330096444346242,0.02313908752043667,1.0082548166059215
Job Leavers,Age (single year),35,0.019953292768136923,0.023218290023412715,0.8593782207051659
Job Leavers,Age (single year),36,0.020910689569504887,0.022982719653394334,0.9098439995292974
Job Leavers,Age (single year),37,0.020698455970263187,0.02300123389359305,0.8998845916709148
Job Leavers,Age (single year),38,0.019477491600360896,0.023150763451494288,0.8413325824511287
Job Leavers,Age (single year),39,0.01868647800180363,0.023145137259531417,0.8073608634188737
Job Leavers,Age (single year),40,0.019906669129825125,0.023786594840924474,0.8368860386681327
Job Leavers,Age (single year),41,0.018528828788124466,0.023237961578396787,0.7973517266398196
Job Leavers,Age (single year),42,0.017673771384099736,0.023035326551854952,0.7672464006235905
Job Leavers,Age (single year),43,0.017012692098226232,0.02295654409901725,0.7410824566993309
Job Leavers,Age (single year),44,0.01595871523593263,0.022762647264596717,0.701092234590552
Job Leavers,Age (single year),45,0.01572383910780266,0.022982164154382985,0.6841757374187029
Job Leavers,Age (single year),46,0.01452154693967397,0.02255393563327422,0.6438586673205752
Job Leavers,Age (single year),47,0.014730386231899852,0.02234585186189617,0.6592000306337794
Job Leavers,Age (single year),48,0.013959101168893625,0.022011209660484393,0.6341814640907124
Job Leavers,Age (single year),49,0.013943401824993502,0.02163328347638009,0.6445346976670163
Job Leavers,Age (single year),50,0.014066103902255291,0.021740105765744873,0.6470117511764253
Job Leavers,Age (single year),51,0.013570613629589664,0.020946630581474952,0.6478661843395193
Job Leavers,Age (single year),52,0.012582616981063832,0.02029579922791753,0.6199616403258481
Job Leavers,Age (single year),53,0.012825261902591815,0.019731560669106803,0.6499872016039764
Job Leavers,Age (single year),54,0.01173217616084122,0.019036226401776987,0.6163078707524748
Job Leavers,Age (single year),55,0.010884920648503625,0.018545296554051204,0.5869369959536087
Job Leavers,Age (single year),56,0.010180346721281817,0.017630717462071434,0.5774210121160734
Job Leavers,Age (single year),57,0.009442413433838644,0.01668125109675712,0.5660494754901372
Job Leavers,Age (single year),58,0.00972044560492286,0.01593937589093754,0.6098385326648514
Job Leavers,Age (single year),59,0.0081157102665363,0.015025898464726056,0.5401148081486294
Job Leavers,Age (single year),60,0.007947962262912434,0.014042150657220271,0.5660074768408575
Job Leavers,Age (single year),61,0.0071174047120562385,0.01281800842084978,0.555266034969915
Job Leavers,Age (single year),62,0.005270594620733717,0.011078311632993242,0.4757579309320854
Job Leavers,Age (single year),63,0.004770943990871079,0.009696856273160569,0.4920093540085079
Job Leavers,Age (single year),64,0.004572303407749613,0.008605534085662801,0.5313212825880583
Job Leavers,Age (single year),65,0.003448292456739985,0.007210780136213687,0.4782135069438757
Job Leavers,Age (single year),66,0.002875587142898745,0.006004552318596191,0.4789011720312616
Job Leavers,Age (single year),67,0.0024744764212929517,0.005155096065696127,0.48000587957206314
Job Leavers,Age (single year),68,0.0021126054812783597,0.004462760600614543,0.47338534829482987
Job Leavers,Age (single year),69,0.0017224485426405318,0.0038434856766041154,0.44814751180818474
Job Leavers,Age (single year),70,0.0013720236101779637,0.003283706881437138,0.4178276745509903
Job Leavers,Age (single year),71,0.0010576055929304843,0.0027744327480429144,0.3811970550291838
Job Leavers,Age (single year),72,8.985954629923157e-4,0.0024360663464573964,0.3688715064345769
Job Leavers,Age (single year),73,6.661017037985578e-4,0.002083476370779149,0.3197068673975211
Job Leavers,Age (single year),74,6.175951149933223e-4,0.001776247761767919,0.34769649160803057
Job Leavers,Age (single year),75,5.399553008739069e-4,0.0015227052162090741,0.35460264739762254
Job Leavers,Age (single year),76,5.977863035914229e-4,0.0012873772934356982,0.4643442964541312
Job Leavers,Age (single year),77,3.385203359265019e-4,0.0011162892929190873,0.3032550236518654
Job Leavers,Age (single year),78,3.8052810232684246e-4,9.322498041922019e-4,0.40818255001573484
Job Leavers,Age (single year),79,2.2957683347155149e-4,7.475097373826859e-4,0.3071221978664609
Job Leavers,Age (single year),80,5.365889568492755e-4,0.0020309934313715184,0.2642002423842996
Job Leavers,Age (single year),81,3.3862659516964555e-5,6.442137553676673e-5,0.5256432237718732
Job Leavers,Age (single year),82,1.3884097354807793e-5,4.651806916260267e-5,0.29846675936347017
Job Leavers,Age (single year),83,1.2099997876640174e-5,4.2691042464259094e-5,0.2834317734632571
Job Leavers,Age (single year),85,2.489632398605913e-4,9.265460306252155e-4,0.26870034691379086
Job Leavers,Age (single year),90,2.0581759951660677e-5,5.4458361795692424e-5,0.37793571589383845
Job Leavers,Class,Government,0.09969887440085064,0.1368287492081135,0.728639814204622
Job Leavers,Class,Private Sector,0.8618010445062817,0.7542474548495317,1.1425972192086566
Job Leavers,Class,Self-Employed,0.03826187907479446,0.10337250742114047,0.37013592907169446
Job Leavers,Class,Unpaid Family,2.3820201807322623e-4,7.771194630971052e-4,0.30651917676067986
Job Leavers,Education,Below HS,0.15731169553322397,0.10711985988003218,1.468557704513464
Job Leavers,Education,College+,0.2024024820777284,0.3254796078618,0.6218591800800907
Job Leavers,Education,HS Diploma,0.37051940095393476,0.28733044914848077,1.2895236201105345
Job Leavers,Education,Some College,0.26976642143511287,0.280070083109687,0.9632104166208327
Job Leavers,Foreign Born,Foreign Born,0.13468898467230794,0.167081888505942,0.8061255823519013
Job Leavers,Foreign Born,Native Born,0.865311015327692,0.832918111494058,1.0388908626029618
Job Leavers,Noncitizen,Citizen,0.9897525977084553,0.9907847346040799,0.9989582632235073
Job Leavers,Noncitizen,Noncitizen,0.010247402291544883,0.009215265395920155,1.1120029485077754
Job Leavers,Occupation,Blue Collar,0.2598462199889166,0.24773057166247808,1.0489065529745984
Job Leavers,Occupation,No Prior Job / Other,0.028459237442930867,0.004952077665666583,5.7469287366477655
Job Leavers,Occupation,Service,0.2269537395048888,0.15251524112875503,1.4880725219671127
Job Leavers,Occupation,White Collar,0.4847408030632638,0.5948021095431004,0.8149614725402022
Job Leavers,Race/Ethnicity,Asian/PI non-Hisp,0.043188335352912575,0.05224268665417047,0.8266867215081272
Job Leavers,Race/Ethnicity,Black non-Hisp,0.16767601483483707,0.11406594532422758,1.4699918924813637
Job Leavers,Race/Ethnicity,Hispanic,0.15358454231371155,0.1486600631899826,1.0331257704191585
Job Leavers,Race/Ethnicity,Other,0.030443202774463298,0.016937904508397248,1.7973417407903425
Job Leavers,Race/Ethnicity,White non-Hisp,0.6051079047240756,0.6680934003232221,0.905723517746659
Job Leavers,Sex,Female,0.49359987226231555,0.4667618486911966,1.0574983230664052
Job Leavers,Sex,Male,0.5064001277376845,0.5332381513088035,0.9496697235461369
Reentrants,Age,16–24,0.41036830750974723,0.1423807387116612,2.882189762625086
Reentrants,Age,25–34,0.22939904365035407,0.22511262853358457,1.0190412023736377
Reentrants,Age,35–44,0.14645074093932992,0.231277218616216,0.6332259693175916
Reentrants,Age,45–54,0.10402483415425776,0.21327676743243904,0.4877457371779152
Reentrants,Age,55–64,0.0684872763079716,0.14006340053843,0.48897339379662114
Reentrants,Age,65+,0.04126979743833938,0.04788924616766923,0.8617758837515647
Reentrants,Age (single year),16,0.025592492961398143,0.006794989564567532,3.7663770809671555
Reentrants,Age (single year),17,0.04140436505887721,0.010178466180715995,4.067839330971246
Reentrants,Age (single year),18,0.05600913074571743,0.012924601401672078,4.33352867179884
Reentrants,Age (single year),19,0.05600637899797805,0.014901716512966432,3.7583844082153366
Reentrants,Age (single year),20,0.05361993010869539,0.01730159344092099,3.0991324753866785
Reentrants,Age (single year),21,0.04938214065968537,0.018308497489587214,2.697225192169428
Reentrants,Age (single year),22,0.04892215401810589,0.019472524182496332,2.512368379138106
Reentrants,Age (single year),23,0.04195265510037141,0.0207474374020951,2.0220644259485745
Reentrants,Age (single year),24,0.03747905985891835,0.021750912536639522,1.7231028719270827
Reentrants,Age (single year),25,0.030942446164233986,0.02164019339891659,1.4298599644577628
Reentrants,Age (single year),26,0.02808400198686716,0.021921396441712003,1.281122854629323
Reentrants,Age (single year),27,0.02625971514768455,0.022041878174744838,1.1913556067909146
Reentrants,Age (single year),28,0.02391165902738542,0.022595231373944848,1.058261304416585
Reentrants,Age (single year),29,0.02338213847186608,0.022865557538448992,1.0225920987296482
Reentrants,Age (single year),30,0.02142388285833948,0.022851912656513488,0.9375093971503092
Reentrants,Age (single year),31,0.01967787482832402,0.022570042884797088,0.8718581053994718
Reentrants,Age (single year),32,0.018980888352027492,0.02261026973957322,0.8394808452376192
Reentrants,Age (single year),33,0.018696304782674575,0.022877058804496853,0.817251244683583
Reentrants,Age (single year),34,0.018040132030951287,0.02313908752043667,0.7796388692949999
Reentrants,Age (single year),35,0.01693221698696141,0.023218290023412715,0.7292620158455857
Reentrants,Age (single year),36,0.01575661672135806,0.022982719653394334,0.6855853858457938
Reentrants,Age (single year),37,0.016033723077648186,0.02300123389359305,0.697080997994388
Reentrants,Age (single year),38,0.015505573856809233,0.023150763451494288,0.6697651198111314
Reentrants,Age (single year),39,0.014720655391243167,0.023145137259531417,0.6360150396248371
Reentrants,Age (single year),40,0.013952654237134808,0.023786594840924474,0.5865763607798742
Reentrants,Age (single year),41,0.013913801851448334,0.023237961578396787,0.5987531137147298
Reentrants,Age (single year),42,0.013573344385115288,0.023035326551854952,0.5892403719374352
Reentrants,Age (single year),43,0.013534018816109819,0.02295654409901725,0.5895494878381627
Reentrants,Age (single year),44,0.012528135615501612,0.022762647264596717,0.5503813097779237
Reentrants,Age (single year),45,0.011951651483267505,0.022982164154382985,0.5200402974664236
Reentrants,Age (single year),46,0.011463442789282168,0.02255393563327422,0.5082679571174243
Reentrants,Age (single year),47,0.011315110735363258,0.02234585186189617,0.5063629171666364
Reentrants,Age (single year),48,0.010911735147930582,0.022011209660484393,0.4957353692159802
Reentrants,Age (single year),49,0.010856077006220573,0.02163328347638009,0.5018228979467487
Reentrants,Age (single year),50,0.009846207191485748,0.021740105765744873,0.45290521111447735
Reentrants,Age (single year),51,0.010087877510990361,0.020946630581474952,0.48159905583631224
Reentrants,Age (single year),52,0.010056694906326756,0.02029579922791753,0.49550622734252553
Reentrants,Age (single year),53,0.008808069054077832,0.019731560669106803,0.44639495079922387
Reentrants,Age (single year),54,0.008727968329312968,0.019036226401776987,0.45849256807001587
Reentrants,Age (single year),55,0.008579778674443081,0.018545296554051204,0.4626390658912831
Reentrants,Age (single year),56,0.008245958457387252,0.017630717462071434,0.4677040781310572
Reentrants,Age (single year),57,0.008162156995581007,0.01668125109675712,0.48930124894335725
Reentrants,Age (single year),58,0.007531382900069454,0.01593937589093754,0.47250174358153396
Reentrants,Age (single year),59,0.006668960764278727,0.015025898464726056,0.44383108137822175
Reentrants,Age (single year),60,0.006803317725053566,0.014042150657220271,0.48449257461537054
Reentrants,Age (single year),61,0.005903794446205538,0.01281800842084978,0.4605859391231498
Reentrants,Age (single year),62,0.005645657873628087,0.011078311632993242,0.509613563931013
Reentrants,Age (single year),63,0.005732587895037297,0.009696856273160569,0.5911800416083544
Reentrants,Age (single year),64,0.005213680576287607,0.008605534085662801,0.6058520626829924
Reentrants,Age (single year),65,0.005203909190705866,0.007210780136213687,0.7216846294579146
Reentrants,Age (single year),66,0.005082144950738075,0.006004552318596191,0.8463819917096225
Reentrants,Age (single year),67,0.0044177996607554166,0.005155096065696127,0.8569771745192204
Reentrants,Age (single year),68,0.003930092119528252,0.004462760600614543,0.8806414843285701
Reentrants,Age (single year),69,0.0033913420323112725,0.0038434856766041154,0.8823610435066507
Reentrants,Age (single year),70,0.0032200119077743106,0.003283706881437138,0.9806027224832714
Reentrants,Age (single year),71,0.0027427256314457595,0.0027744327480429144,0.9885716759148259
Reentrants,Age (single year),72,0.002203712294994523,0.0024360663464573964,0.904619161214238
Reentrants,Age (single year),73,0.001952613146777003,0.002083476370779149,0.937189964888727
Reentrants,Age (single year),74,0.001708193207159865,0.001776247761767919,0.9616863389934304
Reentrants,Age (single year),75,0.001473493143705205,0.0015227052162090741,0.967681155892808
Reentrants,Age (single year),76,0.0012522845650128137,0.0012873772934356982,0.9727409139482097
Reentrants,Age (single year),77,0.0010518529119291338,0.0011162892929190873,0.942276270677601
Reentrants,Age (single year),78,8.441501245619587e-4,9.322498041922019e-4,0.905497776203255
Reentrants,Age (single year),79,4.7109510748574924e-4,7.475097373826859e-4,0.6302193589279937
Reentrants,Age (single year),80,0.0015146110929375512,0.0020309934313715184,0.7457488879787971
Reentrants,Age (single year),81,2.86383826942277e-5,6.442137553676673e-5,0.4445478299028733
Reentrants,Age (single year),82,4.386637226859072e-5,4.651806916260267e-5,0.9429964110345377
Reentrants,Age (single year),83,4.782632221853424e-5,4.2691042464259094e-5,1.1202893969753585
Reentrants,Age (single year),84,2.669871480668977e-5,3.1973652465349985e-5,0.8350223621034009
Reentrants,Age (single year),85,5.986970543415813e-4,9.265460306252155e-4,0.6461600768367568
Reentrants,Age (single year),86,1.816943482503696e-5,1.7554981471256343e-5,1.035001652083011
Reentrants,Age (single year),87,8.794741815805317e-6,1.468595986738331e-5,0.5988537279975784
Reentrants,Age (single year),88,6.103632453487778e-6,1.2899115503091612e-5,0.4731822466451193
Reentrants,Age (single year),90,3.097169509267392e-5,5.4458361795692424e-5,0.5687224894657726
Reentrants,Class,Government,0.08858997587890499,0.1368287492081135,0.6474514777896683
Reentrants,Class,Private Sector,0.8525626969712876,0.7542474548495317,1.1303487887027333
Reentrants,Class,Self-Employed,0.05789412565455029,0.10337250742114047,0.5600534136091826
Reentrants,Class,Unpaid Family,9.532014952571517e-4,7.771194630971052e-4,1.226582965067295
Reentrants,Education,Below HS,0.2470569589293012,0.10711985988003218,2.3063599896974303
Reentrants,Education,College+,0.16123171663993546,0.3254796078618,0.49536656904292176
Reentrants,Education,HS Diploma,0.3050712540008966,0.28733044914848077,1.06174356008906
Reentrants,Education,Some College,0.2866400704298668,0.280070083109687,1.0234583688740746
Reentrants,Foreign Born,Foreign Born,0.14951108173419356,0.167081888505942,0.8948371548294801
Reentrants,Foreign Born,Native Born,0.8504889182658064,0.832918111494058,1.0210954792905518
Reentrants,Noncitizen,Citizen,0.9910950166395218,0.9907847346040799,1.000313167961319
Reentrants,Noncitizen,Noncitizen,0.008904983360478217,0.009215265395920155,0.9663295605594486
Reentrants,Occupation,Blue Collar,0.2720254710775335,0.24773057166247808,1.0980698476252504
Reentrants,Occupation,Service,0.26496202450806206,0.15251524112875503,1.7372822712477518
Reentrants,Occupation,White Collar,0.46301250441440445,0.5948021095431004,0.7784311739749366
Reentrants,Race/Ethnicity,Asian/PI non-Hisp,0.04319131479744632,0.05224268665417047,0.8267437523525296
Reentrants,Race/Ethnicity,Black non-Hisp,0.23127449243648487,0.11406594532422758,2.027550745133414
Reentrants,Race/Ethnicity,Hispanic,0.17886318178247057,0.1486600631899826,1.2031690148946688
Reentrants,Race/Ethnicity,Other,0.032299395865293526,0.016937904508397248,1.9069298595514317
Reentrants,Race/Ethnicity,White non-Hisp,0.5143716151183046,0.6680934003232221,0.7699097384728735
Reentrants,Sex,Female,0.5420478197462597,0.4667618486911966,1.1612941830318084
Reentrants,Sex,Male,0.4579521802537404,0.5332381513088035,0.8588136072591996
New Entrants,Age,16–24,0.8271054443537187,0.1423807387116612,5.809110500744842
New Entrants,Age,25–34,0.09823321141914869,0.22511262853358457,0.43637361466148605
New Entrants,Age,35–44,0.03988102636778327,0.231277218616216,0.17243819605925947
New Entrants,Age,45–54,0.02164909007935984,0.21327676743243904,0.10150702460462672
New Entrants,Age,55–64,0.009539331228808925,0.14006340053843,0.06810723709504371
New Entrants,Age,65+,0.003591896551180541,0.04788924616766923,0.07500424079770723
New Entrants,Age (single year),16,0.18569103782214097,0.006794989564567532,27.3276413536272
New Entrants,Age (single year),17,0.15790519561920283,0.010178466180715995,15.513653316289265
New Entrants,Age (single year),18,0.16081220657815393,0.012924601401672078,12.442333932042915
New Entrants,Age (single year),19,0.10612435376154103,0.014901716512966432,7.121619423453603
New Entrants,Age (single year),20,0.06813028613961576,0.01730159344092099,3.9378041318712826
New Entrants,Age (single year),21,0.0471161038075367,0.018308497489587214,2.573455513448525
New Entrants,Age (single year),22,0.04227453616480288,0.019472524182496332,2.170983883168216
New Entrants,Age (single year),23,0.03494175826237078,0.0207474374020951,1.6841481473197417
New Entrants,Age (single year),24,0.024109966198353885,0.021750912536639522,1.108457686901206
New Entrants,Age (single year),25,0.018367499304333228,0.02164019339891659,0.8487677982236883
New Entrants,Age (single year),26,0.01565705343367431,0.021921396441712003,0.7142361334190412
New Entrants,Age (single year),27,0.01189131469754419,0.022041878174744838,0.5394873614340647
New Entrants,Age (single year),28,0.01070274655588104,0.022595231373944848,0.47367280196221656
New Entrants,Age (single year),29,0.009481375087012134,0.022865557538448992,0.4146575070854481
New Entrants,Age (single year),30,0.008015340444838297,0.022851912656513488,0.35075140384600073
New Entrants,Age (single year),31,0.006876856390117254,0.022570042884797088,0.30468955797817393
New Entrants,Age (single year),32,0.006572643978602681,0.02261026973957322,0.29069286011652606
New Entrants,Age (single year),33,0.005468528358600146,0.022877058804496853,0.2390398348552227
New Entrants,Age (single year),34,0.005199853168545426,0.02313908752043667,0.2247216172181753
New Entrants,Age (single year),35,0.0050095842380000755,0.023218290023412715,0.21576025766533805
New Entrants,Age (single year),36,0.005089039040318487,0.022982719653394334,0.22142893082572512
New Entrants,Age (single year),37,0.004725485815645015,0.02300123389359305,0.20544488341389763
New Entrants,Age (single year),38,0.004340904577680876,0.023150763451494288,0.18750589313289745
New Entrants,Age (single year),39,0.003500923860364826,0.023145137259531417,0.15125958516072777
New Entrants,Age (single year),40,0.003739475650592012,0.023786594840924474,0.15720937257308898
New Entrants,Age (single year),41,0.00344390840572295,0.023237961578396787,0.14820182889555106
New Entrants,Age (single year),42,0.0033905366907092003,0.023035326551854952,0.1471885663559726
New Entrants,Age (single year),43,0.0034582046595365437,0.02295654409901725,0.15064134412481478
New Entrants,Age (single year),44,0.0031829634292132843,0.022762647264596717,0.13983274406592516
New Entrants,Age (single year),45,0.0026543303030541034,0.022982164154382985,0.11549522861396365
New Entrants,Age (single year),46,0.0032102465102089154,0.02255393563327422,0.14233642245004824
New Entrants,Age (single year),47,0.0027322626184721668,0.02234585186189617,0.12227158021803512
New Entrants,Age (single year),48,0.002698888873802063,0.022011209660484393,0.12261429132844257
New Entrants,Age (single year),49,0.0021830215179313036,0.02163328347638009,0.10091031813616255
New Entrants,Age (single year),50,0.002058096581343451,0.021740105765744873,0.09466819543198
New Entrants,Age (single year),51,0.0015672153954519887,0.020946630581474952,0.07481945076350478
New Entrants,Age (single year),52,0.0017506603261090846,0.02029579922791753,0.08625727454482279
New Entrants,Age (single year),53,0.0015784331259435314,0.019731560669106803,0.07999535122504747
New Entrants,Age (single year),54,0.0012159348270432348,0.019036226401776987,0.06387478281565984
New Entrants,Age (single year),55,0.0017994589556107202,0.018545296554051204,0.09703047618387262
New Entrants,Age (single year),56,0.0010791653956078345,0.017630717462071434,0.061209386284444674
New Entrants,Age (single year),57,0.0011052374404808315,0.01668125109675712,0.06625626783447272
New Entrants,Age (single year),58,0.0010068295778407545,0.01593937589093754,0.06316618572331903
New Entrants,Age (single year),59,0.0011140881372163182,0.015025898464726056,0.07414452718629026
New Entrants,Age (single year),60,7.672354259273427e-4,0.014042150657220271,0.05463802836589289
New Entrants,Age (single year),61,7.408754333783199e-4,0.01281800842084978,0.05779957455584219
New Entrants,Age (single year),62,6.699734649322199e-4,0.011078311632993242,0.06047613455257173
New Entrants,Age (single year),63,5.90586578650247e-4,0.009696856273160569,0.06090495331821111
New Entrants,Age (single year),64,6.658808191643362e-4,0.008605534085662801,0.07737820947960952
New Entrants,Age (single year),65,4.4379270935393197e-4,0.007210780136213687,0.061545727503898535
New Entrants,Age (single year),66,3.235480345900857e-4,0.006004552318596191,0.05388378973534004
New Entrants,Age (single year),67,4.016213279647336e-4,0.005155096065696127,0.07790763214623043
New Entrants,Age (single year),68,4.887058436139416e-4,0.004462760600614543,0.10950751952651112
New Entrants,Age (single year),69,3.1394604632241265e-4,0.0038434856766041154,0.08168263725644932
New Entrants,Age (single year),70,2.800266525422784e-4,0.003283706881437138,0.08527760322496347
New Entrants,Age (single year),71,1.2566533439478395e-4,0.0027744327480429144,0.045294063978818126
New Entrants,Age (single year),72,1.5484715411571837e-4,0.0024360663464573964,0.06356442399071024
New Entrants,Age (single year),73,1.4880059847436288e-4,0.002083476370779149,0.07141938375750166
New Entrants,Age (single year),74,2.2227358236545132e-4,0.001776247761767919,0.12513658688257542
New Entrants,Age (single year),75,7.158944995050823e-5,0.0015227052162090741,0.047014648133101744
New Entrants,Age (single year),76,1.0205498079226622e-4,0.0012873772934356982,0.07927355975023156
New Entrants,Age (single year),77,2.6654569250149123e-5,0.0011162892929190873,0.023877832941000127
New Entrants,Age (single year),78,6.14194930600288e-5,9.322498041922019e-4,0.0658830849669623
New Entrants,Age (single year),79,1.3975689508230142e-5,7.475097373826859e-4,0.018696331043344415
New Entrants,Age (single year),80,1.0834634926548622e-4,0.0020309934313715184,0.05334647940851318
New Entrants,Age (single year),82,2.5061476046785548e-5,4.651806916260267e-5,0.5387471255348932
New Entrants,Age (single year),84,5.193174127095663e-6,3.1973652465349985e-5,0.16242042202477594
New Entrants,Age (single year),85,2.537477588351656e-4,9.265460306252155e-4,0.27386416912707673
New Entrants,Age (single year),90,2.0626326607125373e-5,5.4458361795692424e-5,0.3787540779230139
New Entrants,Class,No Prior Job,1,0.004774169058117241,209.46053393307434
New Entrants,Education,Below HS,0.5136746780820847,0.10711985988003218,4.795326269632629
New Entrants,Education,College+,0.07855534866460975,0.3254796078618,0.2413525971125192
New Entrants,Education,HS Diploma,0.2756531327863056,0.28733044914848077,0.9593592798926062
New Entrants,Education,Some College,0.13211684046699998,0.280070083109687,0.47172778684561456
New Entrants,Foreign Born,Foreign Born,0.16579380472418312,0.167081888505942,0.9922907037185358
New Entrants,Foreign Born,Native Born,0.8342061952758169,0.832918111494058,1.0015464710923963
New Entrants,Noncitizen,Citizen,0.9926652617779846,0.9907847346040799,1.0018980179126964
New Entrants,Noncitizen,Noncitizen,0.007334738222015468,0.009215265395920155,0.7959334763448868
New Entrants,Occupation,No Prior Job / Other,1,0.004952077665666583,201.93544356808735
New Entrants,Race/Ethnicity,Asian/PI non-Hisp,0.06225193073631517,0.05224268665417047,1.191591296757049
New Entrants,Race/Ethnicity,Black non-Hisp,0.2363149358952461,0.11406594532422758,2.0717395996108303
New Entrants,Race/Ethnicity,Hispanic,0.2385325052509471,0.1486600631899826,1.6045500057813815
New Entrants,Race/Ethnicity,Other,0.03328550513179326,0.016937904508397248,1.9651489424380337
New Entrants,Race/Ethnicity,White non-Hisp,0.42961512298569837,0.6680934003232221,0.6430465003513753
New Entrants,Sex,Female,0.4810216584748376,0.4667618486911966,1.0305505041245886
New Entrants,Sex,Male,0.5189783415251625,0.5332381513088035,0.9732580841249993
