"date","cc_ce","ic_ce","cc_ce_hat","ic_ce_hat","cc_gap","ic_gap"
1994-01-01,0.0255393091307724,0.0169281809857054,0.0226930331592046,0.0137907173780162,0.00284627597156782,0.00313746360768918
1994-02-01,0.0263206822954244,0.0131391337940274,0.0225147267389171,0.0120950063684587,0.00380595555650734,0.00104412742556874
1994-03-01,0.025962513655415,0.0126584337771728,0.0185769661566397,0.0120879374365619,0.00738554749877535,0.000570496340610904
1994-04-01,0.0256651559962901,0.016130990394511,0.0119587468261205,0.0085324009665563,0.0137064091701696,0.00759858942795473
1994-05-01,0.0258166184933083,0.0134675012828592,0.0134610275279924,0.00791067074442284,0.0123555909653159,0.00555683053843638
1994-06-01,0.0255094731820175,0.0127547365910087,0.016642849581409,0.00880505845879843,0.00886662360060844,0.0039496781322103
1994-07-01,0.0247855411389286,0.0159452778194867,0.0167860825824099,0.0091725745167563,0.00799945855651872,0.0067727033027304
1994-08-01,0.0246727779234898,0.012534423534313,0.0142781306348104,0.00824120405420645,0.0103946472886794,0.00429321948010659
1994-09-01,0.0245027011729313,0.0123107609582361,0.0192044910284534,0.00988625113016254,0.0052982101444779,0.00242450982807354
1994-10-01,0.0238374541228562,0.0154378539327123,0.0156511828197444,0.00894530964241726,0.00818627130311182,0.006492544290295
1994-11-01,0.0234508132100244,0.0121502485661179,0.0150195225695725,0.00838373616323674,0.00843129064045187,0.00376651240288113
1994-12-01,0.0234188632423772,0.0149655500631452,0.0168078116376169,0.00999051436034295,0.0066110516047603,0.00497503570280222
1995-01-01,0.0230962407620897,0.0122628398712946,0.0126699303921263,0.00828350207111618,0.0104263103699634,0.00397933780017842
1995-02-01,0.0231881660984562,0.0124191129431177,0.0164607957067026,0.00846314438993192,0.00672737039175364,0.00395596855318577
1995-03-01,0.023268600767777,0.0125110382794842,0.0168784077714404,0.0112045742661377,0.0063901929963366,0.00130646401334652
1995-04-01,0.0229775230957898,0.0159695335955894,0.0134872634804883,0.0096870902018094,0.00949025961530145,0.00628244339377998
1995-05-01,0.0234663677563972,0.0135070698201416,0.0213800871573574,0.012116924724265,0.00208628059903981,0.00139014509587653
1995-06-01,0.0237741757283282,0.0133611460408558,0.0184176846452842,0.00955019170377762,0.00535649108304391,0.00381095433707814
1995-07-01,0.0237275008166619,0.016799591664077,0.0193080353715572,0.0104440115618235,0.0044194654451047,0.00635558010225352
1995-08-01,0.0235868257222212,0.0128914475612869,0.0193635768785296,0.0106250618899197,0.0042232488436916,0.00226638567136722
1995-09-01,0.0237636873361322,0.0163744000603012,0.0123376384579841,0.00663544155865317,0.011426048878148,0.00973895850164804
1995-10-01,0.0238983896734262,0.0133344624254994,0.017365806998354,0.00992354754887976,0.00653258267507215,0.00341091487661965
1995-11-01,0.0239769068646934,0.0135318770778285,0.0194801124320316,0.0105060370883078,0.00449679443266178,0.00302583998952067
1995-12-01,0.023443887303405,0.0163764427500245,0.0201364150228632,0.0112407915714193,0.00330747228054171,0.00513565117860525
1996-01-01,0.0236040197313654,0.0133314255849448,0.0180272721050136,0.0103821028409519,0.00557674762635174,0.00294932274399291
1996-02-01,0.0239961204838637,0.0134472735345466,0.017328147398541,0.00867506030966026,0.00666797308532273,0.00477221322488635
1996-03-01,0.0239270572831396,0.0172167875869742,0.0126536127429996,0.00900267436488089,0.01127344454014,0.0082141132220933
1996-04-01,0.0233357651796959,0.0127334325282791,0.0152457907268058,0.0104515593591226,0.00808997445289017,0.00228187316915656
1996-05-01,0.022954736927284,0.0122106263214813,0.0129225969322593,0.00746946102941412,0.0100321399950246,0.00474116529206718
1996-06-01,0.0225781392359466,0.0151613799971368,0.0147664019920305,0.00719755290187245,0.00781173724391603,0.00796382709526435
1996-07-01,0.0219397409595051,0.0118774179973545,0.0123556908162658,0.00632797364554903,0.00958405014323922,0.00554944435180551
1996-08-01,0.0219785099796745,0.0146176828320558,0.0110051730409573,0.00574313951929441,0.0109733369387171,0.00887454331276136
1996-09-01,0.021789951563396,0.0120800742391492,0.0148503444782787,0.00688289721558461,0.00693960708511732,0.00519717702356456
1996-10-01,0.0215703964013293,0.0118888151692724,0.0133794829500214,0.00722810793570116,0.00819091345130793,0.00466070723357128
1996-11-01,0.0212929030384182,0.014747040645071,0.0137540964446537,0.00738576545397441,0.00753880659376451,0.00736127519109657
1996-12-01,0.0218115043785822,0.0123973338122059,0.0137169668646608,0.00820658947359324,0.00809453751392144,0.00419074433861268
1997-01-01,0.0216905129345296,0.0118228662603646,0.0110175882357939,0.0071725963506782,0.0106729246987357,0.00465026990968642
1997-02-01,0.0210562109283043,0.0111863845221592,0.0088719725219626,0.00485908066813145,0.0121842384063417,0.0063273038540277
1997-03-01,0.0204685551864543,0.0139241278892347,0.00803485025257386,0.00660887362008097,0.0124337049338804,0.00731525426915377
1997-04-01,0.0201474934346737,0.011338247354008,0.00662850379705285,0.00625638666210372,0.0135189896376208,0.00508186069190432
1997-05-01,0.0199615565801297,0.0140341150352745,0.00785693192503727,0.0051526602115258,0.0121046246550925,0.00888145482374867
1997-06-01,0.019898277370891,0.0112862370450447,0.0158137757808654,0.00770793425228795,0.00408450159002561,0.00357830279275674
1997-07-01,0.0195435234007794,0.0110311757992502,0.0109265240599992,0.00564937669343003,0.00861699934078022,0.00538179910582021
1997-08-01,0.0195684963982953,0.0142173858271367,0.0179178344580872,0.00968488742531755,0.00165066194020803,0.00453249840181917
1997-09-01,0.0192442779995117,0.0108589482301753,0.0129481974541996,0.0066824290738495,0.00629608054531207,0.00417651915632579
1997-10-01,0.0189513426181539,0.0106069351597883,0.0115989622191724,0.00660041131591577,0.00735238039898157,0.00400652384387249
1997-11-01,0.0189470656281702,0.0134554104889895,0.0115273317013439,0.00617969588224957,0.0074197339268263,0.0072757146067399
1997-12-01,0.0191202837225135,0.0107181368993667,0.0157857463745139,0.00832106785437244,0.00333453734799954,0.00239706904499425
1998-01-01,0.0193420958502355,0.01365304409963,0.0124409520786583,0.00813390595034072,0.00690114377157712,0.00551913814928926
1998-02-01,0.0189089560016202,0.0108476240791581,0.00935223229964772,0.00511780431442274,0.00955672370197245,0.00572981976473533
1998-03-01,0.0188877028196469,0.0107116037145291,0.0126910326935634,0.0090389150934546,0.00619667012608346,0.00167268862107453
1998-04-01,0.0184322441052395,0.0105061680031698,0.0106962923482253,0.00774463113389145,0.00773595175701423,0.00276153686927831
1998-05-01,0.0180277059642815,0.0131411554766336,0.0166648608846943,0.00923710591236071,0.0013628450795872,0.00390404956427284
1998-06-01,0.0187003878625552,0.0114182790516765,0.0164008355392322,0.00790868617400128,0.00229955232332296,0.00350959287767517
1998-07-01,0.0195265582528167,0.0111448850959837,0.0159585353175096,0.00852484292222614,0.00356802293530708,0.00262004217375751
1998-08-01,0.0187220682363161,0.0130776692229898,0.0159185918451442,0.00820478021928082,0.00280347639117186,0.00487288900370901
1998-09-01,0.0180142174261658,0.0101743095170541,0.0171080714572337,0.00885086529153159,0.000906145968932064,0.00132344422552255
1998-10-01,0.0180293398434433,0.0129364095254424,0.00802725565337939,0.00505998099763411,0.0100020841900639,0.00787642852780824
1998-11-01,0.0183571233043745,0.0105290545010683,0.0115418733957342,0.00632580828834667,0.00681524990864029,0.00420324621272167
1998-12-01,0.0184945674493647,0.0105290545010683,0.0153015869764241,0.00869578446366758,0.00319298047294057,0.00183327003740076
1999-01-01,0.0189230256786253,0.013493990417033,0.0150234965937207,0.00860006853159264,0.00389952908490457,0.00489392188544034
1999-02-01,0.018536655750682,0.00997777586936957,0.0130211081178783,0.00657709975260213,0.00551554763280374,0.00340067611676744
1999-03-01,0.0184249642297562,0.0100191430993421,0.0164773238610521,0.0108670624697555,0.00194764036870413,-0.000847919370413428
1999-04-01,0.0183992576748567,0.010147344791407,0.0164080330374903,0.0111224628158496,0.00199122463736637,-0.000975118024442671
1999-05-01,0.0182093033274648,0.0124004829379593,0.0195971638319349,0.0108127925682261,-0.00138786050447008,0.00158769036973311
1999-06-01,0.0180271609553987,0.00967040313994701,0.0192422136063503,0.00993553237868385,-0.00121505265095165,-0.000265129238736846
1999-07-01,0.017915901767042,0.0121715728765697,0.0190464988511268,0.00995530027975552,-0.00113059708408479,0.00221627259681414
1999-08-01,0.017810115277947,0.00950036191640974,0.0182070012311701,0.00951164790683395,-0.000396885953223125,-1.12859904242112e-05
1999-09-01,0.0176610339323111,0.00945951771212595,0.0178354001256463,0.00868791158093567,-0.000174366193335173,0.000771606131190277
1999-10-01,0.0170631540047347,0.0117822425408383,0.0115262491699147,0.00695883926172251,0.00553690483482007,0.00482340327911582
1999-11-01,0.0169248019142931,0.00914503260573333,0.0179192277118816,0.00972045331407024,-0.000994425797588537,-0.000575420708336908
1999-12-01,0.0170181185735353,0.00903954420832913,0.00987341736047604,0.0065511089336565,0.00714470121305922,0.00248843527467264
2000-01-01,0.0170378647364258,0.0116449904966945,0.0134656192140084,0.00874195537977384,0.00357224552241742,0.00290303511692061
2000-02-01,0.0173423142105765,0.00948880987074618,0.0159822386219884,0.00864986703786917,0.0013600755885881,0.000838942832877006
2000-03-01,0.0167891367840692,0.00887506557272345,0.0157553769980505,0.0105257784870915,0.00103375978601868,-0.00165071291436805
2000-04-01,0.0161652710879226,0.0108923479891827,0.012726692926354,0.00941804157508989,0.00343857816156862,0.00147430641409284
2000-05-01,0.0159575304303969,0.00905556765816443,0.0163368274419104,0.00910236164265209,-0.000379297011513468,-4.67939844876614e-05
2000-06-01,0.0162683393292046,0.00933629827644234,0.015190151603233,0.0076378067551027,0.00107818772597159,0.00169849152133963
2000-07-01,0.0166403756550442,0.0117685817468308,0.0151652216872386,0.00816131368639149,0.00147515396780563,0.00360726806043928
2000-08-01,0.016892901493883,0.00998135306121037,0.0159739404020221,0.00879730918716029,0.000918961091860959,0.00118404387405008
2000-09-01,0.0169116514376831,0.0119760279335546,0.019422386155846,0.00993787515508518,-0.00251073471816297,0.00203815277846939
2000-10-01,0.0167843696779768,0.0095491464110025,0.017183881396811,0.00958446429318612,-0.000399511718834247,-3.53178821836213e-05
2000-11-01,0.0175378322270177,0.0106039939796597,0.012734764921579,0.0069831656610896,0.00480306730543863,0.00362082831857015
2000-12-01,0.0182924844537676,0.013720949577271,0.0141786670469737,0.00850994566141517,0.00411381740679391,0.00521100391585586
2001-01-01,0.0188874424086739,0.0107218706775734,0.017705691805165,0.0108523626864483,0.00118175060350892,-0.000130492008874866
2001-02-01,0.0196028907645488,0.0117073367324975,0.021906192218135,0.01186435360425,-0.00230330145358627,-0.000157016871752583
2001-03-01,0.0203825915072047,0.0152628982586633,0.0270946690085199,0.0166125534476252,-0.00671207750131524,-0.00134965518896187
2001-04-01,0.0211563868902453,0.0124479325219462,0.0243350366551938,0.0155648189788149,-0.0031786497649485,-0.00311688645686871
2001-05-01,0.0221133168005651,0.0123773393318406,0.0270743766894756,0.0151918830320649,-0.00496105988891048,-0.00281454370022423
2001-06-01,0.0231184853907903,0.0155775639499591,0.0302025111993385,0.0152381811085911,-0.00708402580854822,0.000339382841367997
2001-07-01,0.0236561920854542,0.012426184211843,0.0294849705013955,0.0155356325024982,-0.00582877841594128,-0.00310944829065521
2001-08-01,0.0243528233297425,0.012426184211843,0.0214524779022943,0.0114313744100695,0.00290034542744818,0.000994809801773465
2001-09-01,0.0254627500853481,0.0169767278019839,0.0263935666580881,0.0135175495469459,-0.000930816572740047,0.00345917825503809
2001-10-01,0.0274497708490795,0.0149641132084422,0.0337952995169121,0.0183275197787478,-0.00634552866783261,-0.00336340657030556
2001-11-01,0.0284536037164165,0.0139291537405676,0.0317821308274694,0.0167614598810997,-0.00332852711105293,-0.0028323061405321
2001-12-01,0.0279314549923986,0.0162169588800799,0.0275453188199467,0.0151092399460905,0.00038613617245184,0.00110771893398939
2002-01-01,0.027593095650244,0.0126988081375859,0.0335881835878313,0.018465907221928,-0.00599508793758727,-0.00576709908434215
2002-02-01,0.0276222391817715,0.0124034870181071,0.0312545249630432,0.0167732735085484,-0.00363228578127166,-0.00436978649044127
2002-03-01,0.0280617236372063,0.0161416306620354,0.0273496115385267,0.0170853976459756,0.000712112098679624,-0.000943766983940209
2002-04-01,0.0287181871008124,0.0133656237045727,0.0327085856311274,0.019908223609938,-0.00399039853031502,-0.00654259990536526
2002-05-01,0.0288952796688258,0.0127350963195579,0.0332036623074826,0.0184259921799495,-0.00430838263865675,-0.0056908958603916
2002-06-01,0.0282974462963674,0.0150703829307238,0.0308695156008639,0.0160433433536985,-0.00257206930449655,-0.000972960422974643
2002-07-01,0.0273889888737982,0.0120678030452007,0.0327408336491315,0.0171133341242012,-0.00535184477533328,-0.00504553107900053
2002-08-01,0.0274870788532136,0.015381759321862,0.0294403030465189,0.0159832777364626,-0.00195322419330534,-0.000601518414600554
2002-09-01,0.0277856475554977,0.0128025008989888,0.0318931574753,0.0166128292989742,-0.00410750991980235,-0.00381032839998544
2002-10-01,0.0279127290970162,0.0127955419892108,0.0306702197940936,0.0165784971061958,-0.0027574906970774,-0.00378295511698494
2002-11-01,0.0273369297075017,0.0153939005158542,0.0299832794036215,0.0155614984105662,-0.00264634969611979,-0.000167597894711947
2002-12-01,0.0273396772165178,0.0130074926847376,0.0282032459172462,0.0155556839527447,-0.000863568700728415,-0.0025481912680071
2003-01-01,0.0268964731157758,0.0124458712909433,0.0287565833329527,0.0163043657873648,-0.00186011021717683,-0.00385849449642152
2003-02-01,0.0270737086246658,0.0129500078495638,0.0304543827944736,0.0154116143187112,-0.00338067416980777,-0.00246160646914744
2003-03-01,0.0278913551056784,0.0168334347776872,0.0257224769054438,0.0159464135760715,0.00216887820023465,0.000887021201615736
2003-04-01,0.0286636850643157,0.0137800483331444,0.0285922511721479,0.0171865482047052,7.14338921678111e-05,-0.0034064998715608
2003-05-01,0.0293700606078113,0.0167413767714992,0.0322813629997578,0.0175517048773093,-0.00291130239194647,-0.000810328105810085
2003-06-01,0.029230285905521,0.0133220295346789,0.0269909973296896,0.0132925378058812,0.00223928857583135,2.9491728797704e-05
2003-07-01,0.0285776286933696,0.0130076119818282,0.0303382717705137,0.0152382073573614,-0.00176064307714418,-0.00223059537553314
2003-08-01,0.0284207628988135,0.0158130203983222,0.029933241320544,0.0154158056842579,-0.00151247842173047,0.000397214714064228
2003-09-01,0.0282575750571217,0.0125018482109673,0.0317394973980698,0.0156455891687588,-0.0034819223409481,-0.00314374095779143
2003-10-01,0.0275747818592524,0.0120858420024203,0.0292141300598763,0.015391377548392,-0.00163934820062386,-0.00330553554597178
2003-11-01,0.0266821854783799,0.0143558921691052,0.0291390417607435,0.0157462708752507,-0.00245685628236352,-0.00139037870614547
2003-12-01,0.0258663120473919,0.0113344316685002,0.0278781017014078,0.0156075523969933,-0.00201178965401583,-0.00427312072849314
2004-01-01,0.024936169876386,0.0142653077782133,0.0236898649598091,0.0134975724571372,0.00124630491657695,0.000767735321076157
2004-02-01,0.0246712201011604,0.0114296719178022,0.0251123863562952,0.0129786040997898,-0.000441166255134767,-0.00154893218198756
2004-03-01,0.0241286473178136,0.0108356141258167,0.0291632185072047,0.0179681991810148,-0.00503457118939105,-0.00713258505519812
2004-04-01,0.023799602044798,0.0110481865028422,0.0279658201219909,0.0174611920448731,-0.00416621807719285,-0.0064130055420309
2004-05-01,0.0236001319151882,0.0133323772514556,0.0220392288573903,0.0123672715895039,0.00156090305779789,0.000965105661951763
2004-06-01,0.0234030411509415,0.0110719801564736,0.0233358093000062,0.0114357856051131,6.72318509353786e-05,-0.000363805448639563
2004-07-01,0.0231346212652725,0.0136016028350848,0.0297952593109228,0.0153601440927399,-0.00666063804565033,-0.00175854125765515
2004-08-01,0.0229323816895905,0.0108099035942977,0.0218793075061754,0.0115641757457012,0.00105307418341506,-0.000754272151403539
2004-09-01,0.0227043664817137,0.0106988701017664,0.0232329598717442,0.0118933547767444,-0.00052859339003055,-0.00119448467497805
2004-10-01,0.0219992906218663,0.0132249155286237,0.0254735738474202,0.0134242749788482,-0.00347428322555389,-0.000199359450224423
2004-11-01,0.0216548092892345,0.0104136310899043,0.0246373974104714,0.0134061821844081,-0.00298258812123684,-0.00299255109450374
2004-12-01,0.0215320630672623,0.0103027635345746,0.0269532173688339,0.0145423178617929,-0.00542115430157167,-0.00423955432721838
2005-01-01,0.0215078951734026,0.013557917619771,0.0260046934435303,0.0145366832269252,-0.00449679827012761,-0.000978765607154142
2005-02-01,0.0212133638238293,0.00984666468949009,0.0231260444575338,0.0119172808095054,-0.0019126806337045,-0.00207061612001534
2005-03-01,0.0210001641874089,0.0104862635987513,0.0220324296531974,0.0139587576569065,-0.00103226546578849,-0.00347249405815522
2005-04-01,0.0204916196364824,0.0127148123685131,0.0196589158968694,0.0126018571332693,0.000832703739613,0.000112955235243784
2005-05-01,0.0203488140396455,0.0102914446646133,0.0218047992934105,0.0118291683331166,-0.00145598525376506,-0.00153772366850321
2005-06-01,0.0204570000978553,0.0102521042798098,0.0228260504357617,0.011617555861872,-0.00236905033790644,-0.00136545158206223
2005-07-01,0.0203349579412234,0.0127093487132646,0.0168365120111158,0.00881417495386626,0.00349844593010757,0.00389517375939838
2005-08-01,0.0202217334721071,0.00989636709300446,0.0186816471249491,0.0101579667173086,0.00154008634715801,-0.000261599624304189
2005-09-01,0.0212854166335286,0.0119963088039508,0.0253237046085956,0.0129606825313403,-0.00403828797506698,-0.000964373727389535
2005-10-01,0.02187046372576,0.0137382773136417,0.0227089564530237,0.0122631914247612,-0.000838492727263763,0.00147508588888057
2005-11-01,0.0210735500246876,0.00989998518512855,0.0184674528490505,0.0101440227692813,0.0026060971756371,-0.000244037584152758
2005-12-01,0.0205910330162556,0.0123418255026583,0.0196736381876877,0.0110046734027295,0.000917394828567824,0.00133715209992884
2006-01-01,0.0198575203885557,0.00918711248324653,0.0185842042025892,0.0108728450435641,0.0012733161859665,-0.00168573256031759
2006-02-01,0.0194711646438038,0.00903179359088395,0.0194271353743735,0.00976983311103894,4.40292694302326e-05,-0.000738039520154993
2006-03-01,0.0190692770098156,0.00937349515408162,0.0186115340998637,0.0129386454398401,0.000457742909951934,-0.00356515028575849
2006-04-01,0.0185574782877311,0.0117327163851628,0.0235182143601494,0.0155994174060966,-0.00496073607241836,-0.00386670102093383
2006-05-01,0.0184241519651724,0.010287381758005,0.0250161685758449,0.0145836117644821,-0.00659201661067251,-0.00429623000647706
2006-06-01,0.0186154462540609,0.00944491398067779,0.0199826068474238,0.0109275313809525,-0.0013671605933629,-0.00148261740027471
2006-07-01,0.0188494901914738,0.0122667132216907,0.0184891761768646,0.00972037800583724,0.000360314014609127,0.00254633521585346
2006-08-01,0.0189791602779139,0.00967331149288909,0.0198127881303792,0.0104513606618034,-0.000833627852465324,-0.000778049168914304
2006-09-01,0.0188248644183813,0.0121666710185025,0.01696200765936,0.00832159236943945,0.00186285675902125,0.00384507864906306
2006-10-01,0.0187300994846411,0.00966270231972081,0.0192085923708296,0.0108380958578244,-0.000478492886188533,-0.00117539353810354
2006-11-01,0.0189578850583429,0.00999193861112176,0.0179490337847497,0.0100281557342244,0.00100885127359317,-3.62171231026043e-05
2006-12-01,0.0189976996796286,0.0124037858620822,0.0217451058843282,0.0117624105293382,-0.00274740620469957,0.000641375332744009
2007-01-01,0.0192413804942155,0.00967309571047219,0.0207133014310718,0.0113987070896533,-0.00147192093685634,-0.00172561137918113
2007-02-01,0.019584398072601,0.00984079319323845,0.0216070194242872,0.0107821878535597,-0.00202262135168621,-0.000941394660321228
2007-03-01,0.0192013617767371,0.0117921820836095,0.0162399343337032,0.0108144924574291,0.00296142744303396,0.000977689626180426
2007-04-01,0.0189578247263277,0.00972955668045907,0.0189446242380278,0.0120782341162451,1.32004882999678e-05,-0.00234867743578608
2007-05-01,0.0185913523533128,0.00924345861055323,0.0201650292497787,0.0109440401340601,-0.00157367689646593,-0.00170058152350688
2007-06-01,0.0188514907735358,0.0119701649714313,0.0230036980942417,0.0117558608949243,-0.0041522073207059,0.000214304076507004
2007-07-01,0.019234555119437,0.00948014458241892,0.0295038562533495,0.0151316814157521,-0.0102693011339125,-0.0056515368333332
2007-08-01,0.0193158891611457,0.00968442543136171,0.0265574068311518,0.014276203590847,-0.00724151767000619,-0.00459177815948525
2007-09-01,0.0191963470347273,0.0118558551960498,0.0227422906974872,0.011339474191501,-0.00354594366275987,0.000516381004548806
2007-10-01,0.0193159021143446,0.00990017740846472,0.0231561826719252,0.012631260922879,-0.00384028055758062,-0.0027310835144143
2007-11-01,0.019730608707997,0.010133921124887,0.0192603464213621,0.0104001417533518,0.000470262286634885,-0.000266220628464832
2007-12-01,0.020448805127004,0.0131273487190686,0.0204391913348907,0.0113948953713806,9.61379211339083e-06,0.00173245334768801
2008-01-01,0.0210415002439686,0.0101871309801081,0.0230218700664131,0.0126676588782636,-0.00198036982244448,-0.00248052789815554
2008-02-01,0.0213835773359206,0.0104277126711512,0.0230672997173196,0.0115785989506274,-0.00168372238139902,-0.00115088627947621
2008-03-01,0.0218989484272021,0.0136605291445435,0.0232041383289445,0.013515865546504,-0.00130518990174247,0.000144663598039418
2008-04-01,0.0222217958796247,0.0107810197283739,0.0309323783695882,0.0181783075481727,-0.00871058248996353,-0.00739728781979877
2008-05-01,0.0225936585907008,0.0137499236313197,0.0223626159047249,0.0115395072122448,0.00023104268597585,0.00221041641907499
2008-06-01,0.0229246613869509,0.0114932567757978,0.0235915257063392,0.010957660884187,-0.000666864319388318,0.000535595891610816
2008-07-01,0.0237582118421968,0.011908090752547,0.0230148618359299,0.0114604873142308,0.000743350006266921,0.000447603438316192
2008-08-01,0.0252672930666481,0.0161941058286835,0.0283941303044642,0.0141426969331106,-0.00312683723781616,0.00205140889557296
2008-09-01,0.0263425368139336,0.013882799269301,0.0330671204273218,0.0165401082417958,-0.00672458361338823,-0.00265730897249479
2008-10-01,0.0278635809531909,0.0141969089766861,0.0345411780504752,0.0180583629662092,-0.00667759709728425,-0.00386145398952309
2008-11-01,0.0305939280977866,0.0194096614573421,0.0364075120921993,0.0190192452291589,-0.00581358399441264,0.000390416228183154
2008-12-01,0.0337727362545075,0.0168480939775928,0.0375444738402462,0.0199415803071275,-0.0037717375857387,-0.00309348632953471
2009-01-01,0.0363082761762303,0.0213613243363817,0.0436690881455096,0.0231531234266957,-0.00736081196927931,-0.00179179909031403
2009-02-01,0.0395632639894454,0.01924012989179,0.0399902141861151,0.0197481919260781,-0.000426950196669676,-0.000508062034288107
2009-03-01,0.0430643551722003,0.0196957385577058,0.0435103306894069,0.0250334234377737,-0.000445975517206668,-0.00533768488006788
2009-04-01,0.0462622769419753,0.0187831801117794,0.0466678445711421,0.026804197752697,-0.000405567629166818,-0.00802101764091757
2009-05-01,0.0488138272152242,0.0228898969104122,0.0483090200611338,0.0253594469401153,0.000504807154090424,-0.00246955002970305
2009-06-01,0.0488785323159677,0.0179004978126198,0.0453253152948806,0.0225127072483884,0.00355321702108708,-0.00461220943576863
2009-07-01,0.0461306741706097,0.0170275464522889,0.0443724948079466,0.0226170687884904,0.00175817936266306,-0.00558952233620145
2009-08-01,0.0454453642692643,0.0210101588175639,0.0441918776766387,0.0224031507420236,0.00125348659262554,-0.00139299192445974
2009-09-01,0.0449715836850556,0.0164564548678344,0.0471466633300948,0.023736536048072,-0.00217507964503921,-0.00728008118023758
2009-10-01,0.0437372961213015,0.0199281734616795,0.0434933970304169,0.022936437478034,0.000243899090884674,-0.00300826401635449
2009-11-01,0.0414228363865629,0.0149897490522568,0.0419312895332823,0.0221019817802793,-0.000508453146719413,-0.00711223272802247
2009-12-01,0.0390048290432396,0.014731828268969,0.0399590444003379,0.0211743195335187,-0.000954215357098304,-0.00644249126454972
2010-01-01,0.0371863688281617,0.01843564761702,0.0345934363036823,0.0187871069885666,0.00259293252447936,-0.000351459371546615
2010-02-01,0.0368386351663567,0.0149314144726427,0.0391558883105322,0.0197942704498015,-0.00231725314417545,-0.00486285597715881
2010-03-01,0.0363621824142703,0.0144549617205563,0.0371558621406652,0.0217712639225232,-0.000793679726394846,-0.00731630220196684
2010-04-01,0.0367206379530487,0.0145702023688493,0.0386737993923306,0.0228653526408196,-0.0019531614392819,-0.00829515027197027
2010-05-01,0.036436912091577,0.0179035653021204,0.0423408845245564,0.0227221203632099,-0.00590397243297939,-0.00481855506108951
2010-06-01,0.0357233416068538,0.0143571472731849,0.0416700023465283,0.0212213301613854,-0.00594666073967447,-0.00686418288820045
2010-07-01,0.0356385431579279,0.0180687398071374,0.0374704724472173,0.0194432674534995,-0.00183192928928935,-0.00137452764636209
2010-08-01,0.0351935610357718,0.0149885718056523,0.0392590364773902,0.0204044781056986,-0.00406547544161837,-0.0054159063000463
2010-09-01,0.0352448377287912,0.0143101417133965,0.0391778198010873,0.0197999514432232,-0.00393298207229612,-0.00548980972982666
2010-10-01,0.0346221597472735,0.01772606336238,0.0372237355773818,0.0191814140524293,-0.00260157583010832,-0.00145535069004923
2010-11-01,0.0333384779983169,0.0135483506106853,0.0378318709977674,0.0194949687804882,-0.00449339299945051,-0.00594661816980284
2010-12-01,0.0325796114391847,0.0133576406900657,0.0341520573869643,0.01756341445761,-0.00157244594777964,-0.00420577376754426
2011-01-01,0.031193188448265,0.016988123761892,0.0324188837812642,0.0175419780734782,-0.00122569533299924,-0.00055385431158627
2011-02-01,0.0306566420568782,0.0127906909510545,0.0335203589064757,0.0171469661840031,-0.00286371684959748,-0.00435627523294868
2011-03-01,0.0299896306202961,0.0129340486329467,0.0335302802261682,0.0195335948999844,-0.00354064960587211,-0.0065995462670377
2011-04-01,0.0300294316781134,0.0167476118646103,0.0328492676504205,0.0193030358023473,-0.00281983597230712,-0.00255542393773698
2011-05-01,0.0300523216594096,0.0134583434526405,0.0374479960179539,0.0195596126311982,-0.00739567435854427,-0.00610126917855765
2011-06-01,0.0297974891206614,0.0133229636664305,0.0344138400483003,0.0173091566499936,-0.00461635092763888,-0.00398619298356305
2011-07-01,0.0295927709809585,0.0164042042491717,0.0327658603583778,0.0166899285257823,-0.00317308937741922,-0.000285724276610621
2011-08-01,0.0295372158148835,0.013019902988369,0.0323022444720932,0.0166868624880475,-0.00276502865720967,-0.00366695949967852
2011-09-01,0.0297498424357253,0.0132822087262299,0.0311798023938657,0.015203777252527,-0.00142995995814036,-0.00192156852629707
2011-10-01,0.0293515793500766,0.0159540138460002,0.0305484129962783,0.0159250163719896,-0.00119683364620165,2.8997474010542e-05
2011-11-01,0.0289447394641802,0.0123386610118353,0.0290220457058032,0.0152053216217018,-7.73062416229708e-05,-0.00286666060986641
2011-12-01,0.0283179006163728,0.0149379422012265,0.0271588156513454,0.0148133337408483,0.00115908496502742,0.000124608460378154
2012-01-01,0.0272653722385935,0.0119371176972154,0.025580801912863,0.0143187612185536,0.00168457032573048,-0.00238164352133816
2012-02-01,0.0267163122253861,0.0114789093408696,0.0233381574788922,0.0116812984843232,0.00337815474649389,-0.000202389143453574
2012-03-01,0.0263612007492181,0.0144809640893421,0.0251483804095625,0.0152645977914882,0.00121282033965556,-0.000783633702146147
2012-04-01,0.026155347953614,0.0120190238715524,0.025037418220938,0.0151171739103012,0.00111792973267597,-0.0030981500387488
2012-05-01,0.0261947029761142,0.0117592807230513,0.0270781046291686,0.014115669276682,-0.000883401653054481,-0.00235638855363074
2012-06-01,0.026166367359914,0.014923424532065,0.0280809170613997,0.0134055481991113,-0.00191454970148562,0.00151787633295376
2012-07-01,0.0259282741776774,0.0116866455493426,0.0258369959681407,0.0131527697767301,9.12782095367666e-05,-0.00146612422738744
2012-08-01,0.0259321958708148,0.0117101757081668,0.026673715637735,0.0132912122775353,-0.000741519766920246,-0.0015810365693685
2012-09-01,0.0259961194689538,0.0149730243984531,0.0235942598775232,0.0113373293279451,0.00240185959143057,0.00363569507050792
2012-10-01,0.0255824957618365,0.0115096829463402,0.0217938638672029,0.0116565090186104,0.00378863189463356,-0.000146826072270238
2012-11-01,0.0259729191996363,0.0125325923533758,0.0169440277140694,0.00875276997109959,0.00902889148556688,0.00377982238227622
2012-12-01,0.0249105770253829,0.0140162014170153,0.0161568154965716,0.00903234785404835,0.00875376152881128,0.00498385356296697
2013-01-01,0.0243577846822839,0.0109785945164424,0.0208805904533642,0.0117720207343384,0.00347719422891971,-0.000793426217896
2013-02-01,0.0237824192472863,0.0109785945164424,0.0197883907408954,0.00985907687414037,0.00399402850639087,0.00111951764230203
2013-03-01,0.0236195286275133,0.0136765918940667,0.0230170771736863,0.0140010276576435,0.000602451453826914,-0.000324435763576804
2013-04-01,0.0235402338392328,0.0107504142044039,0.0238603256224365,0.014485869513498,-0.000320091783203736,-0.00373545530909416
2013-05-01,0.0233138482269371,0.0107658935625096,0.0232581839578325,0.0124386156329875,5.56642691045481e-05,-0.00167272207047794
2013-06-01,0.0231633114693592,0.0133354670080546,0.0220904772491358,0.0111403623797462,0.00107283422022343,0.00219510462830842
2013-07-01,0.0232636189627414,0.010660325683117,0.0189639451401749,0.0100249695711435,0.00429967382256647,0.00063535611197353
2013-08-01,0.0226023552633948,0.0128401466139856,0.0200121310869171,0.0102720630840478,0.00259022417647773,0.00256808352993776
2013-09-01,0.0223046518041084,0.00967439960837784,0.0217598922087632,0.0107869565555844,0.000544759595345196,-0.00111255694720652
2013-10-01,0.0224584944629017,0.0109972617585115,0.0256737812870891,0.0133306305610388,-0.00321528682418736,-0.0023333688025273
2013-11-01,0.0218656853039527,0.0125847325981293,0.0191552348600435,0.01031126342004,0.0027104504439092,0.00227346917808936
2013-12-01,0.0219216685751083,0.0106138146958019,0.0156648492396411,0.00873798087844674,0.00625681933546719,0.00187583381735519
2014-01-01,0.0219702614268271,0.00998179601455219,0.0205170240383523,0.0115966601892881,0.00145323738847478,-0.00161486417473592
2014-02-01,0.0217564203492391,0.0102414601801947,0.015234837270923,0.00759391006705576,0.00652158307831613,0.00264755011313895
2014-03-01,0.0212252543868733,0.0122576760545955,0.0145242375408825,0.00996669353741933,0.00670101684599086,0.00229098251717613
2014-04-01,0.0206868779415509,0.00981505307700926,0.0229153225435435,0.0143794862492117,-0.00222844460199258,-0.00456443317220243
2014-05-01,0.0202793745759988,0.011928596652074,0.0197031294776196,0.0104668009942116,0.000576245098379273,0.00146179565786243
2014-06-01,0.019681424208449,0.00953375411198265,0.0202476283258948,0.00962703659775857,-0.000566204117445807,-9.32824857759196e-05
2014-07-01,0.0191727095765403,0.00913418608994833,0.0182492725868774,0.00928759961050206,0.00092343698966289,-0.00015341352055373
2014-08-01,0.0189555172478066,0.0114271922086346,0.0175039321523929,0.00868179899232284,0.00145158509541374,0.00274539321631177
2014-09-01,0.0185237812772751,0.0089298588120456,0.0162687606293095,0.00783339197941334,0.00225502064796564,0.00109646683263226
2014-10-01,0.0182568263880496,0.00870179902123069,0.0101674783751993,0.00524665302804389,0.00808934801285033,0.0034551459931868
2014-11-01,0.0181479597249701,0.0109846086345925,0.0110041278917202,0.00600001519739369,0.00714383183324991,0.00498459343719881
2014-12-01,0.0179309798013238,0.00857372059407837,0.0139513763285857,0.00782245579262583,0.00397960347273815,0.000751264801452548
2015-01-01,0.0176150683273568,0.0107798400947906,0.0119275395890854,0.00670383193962415,0.00568752873827134,0.00407600815516648
2015-02-01,0.0175434775951556,0.0090331761573176,0.0148374267577638,0.00648335022059228,0.00270605083739178,0.00254982593672531
2015-03-01,0.0174404019336095,0.00851592374664962,0.0147975957398517,0.00965528504813147,0.00264280619375775,-0.00113936130148185
2015-04-01,0.0170166426569036,0.0085325615601568,0.0152111780800236,0.00970748499923949,0.00180546457687998,-0.00117492343908268
2015-05-01,0.016859267614142,0.0102181899802577,0.0173940534124092,0.00953074331912283,-0.00053478579826724,0.000687446661134879
2015-06-01,0.0169588390274533,0.00816709345137386,0.016158333988782,0.00733925760197606,0.000800505038671288,0.000827835849397801
2015-07-01,0.016651965435987,0.00824160089069229,0.0174200147790116,0.00884330831927823,-0.000768049343024612,-0.000601707428585943
2015-08-01,0.0167205836252209,0.0102074192849618,0.020858652816215,0.0107020354558272,-0.00413806919099415,-0.000494616170865389
2015-09-01,0.0166389836164022,0.00799680086423608,0.0150199940954299,0.0071004340226662,0.00161898952097229,0.000896366841569881
2015-10-01,0.0162832611203108,0.00984696212883444,0.0142506576356796,0.008419904501903,0.00203260348463119,0.00142705762693144
2015-11-01,0.016289899521746,0.00792182571263535,0.0142330266391434,0.00755439459394395,0.00205687288260253,0.000367431118691393
2015-12-01,0.0162548635141715,0.00799558572858167,0.0140733544237064,0.00753532964689946,0.00218150909046503,0.000460256081682206
2016-01-01,0.0162001642868083,0.010259027755462,0.0109906419258185,0.00590290676730287,0.00520952236098976,0.00435612098815916
2016-02-01,0.0161480619283936,0.0078300304828884,0.0136941932768629,0.00693355910727361,0.00245386865153068,0.00089647137561479
2016-03-01,0.0159040614470852,0.00772729343812698,0.0141941391295593,0.00996500122322347,0.00170992231752592,-0.00223770778509649
2016-04-01,0.0156896767957244,0.00971022342406396,0.0208254443899839,0.0131668701119438,-0.00513576759425955,-0.00345664668787988
2016-05-01,0.0158411708829795,0.00801641001475355,0.023245749260971,0.0123513313931463,-0.00740457837799149,-0.00433492137839273
2016-06-01,0.0157462589246992,0.00774627597964801,0.0205999960937566,0.0101149778162273,-0.00485373716905739,-0.00236870183657933
2016-07-01,0.015507189564895,0.00942229216980641,0.0200965999199274,0.0104692106092763,-0.00458941035503239,-0.00104691843946991
2016-08-01,0.0155827422546143,0.00765697451578717,0.0182069470228394,0.00927571147352732,-0.00262420476822506,-0.00161873695774014
2016-09-01,0.01532484605413,0.00730826979400559,0.0179630902334859,0.00892071569193897,-0.00263824417935588,-0.00161244589793338
2016-10-01,0.0149838632482676,0.00924653145543485,0.0191872500811483,0.0102151664161033,-0.00420338683288072,-0.000968634960668456
2016-11-01,0.0147825216524632,0.00710659923431779,0.0156352618803991,0.00786056238939776,-0.000852740227935952,-0.000753963155079963
2016-12-01,0.0148089093301898,0.00911640044198854,0.0169116182512887,0.00933426272633958,-0.00210270892109891,-0.00021786228435104
2017-01-01,0.0149787421346128,0.0070251092375695,0.0181676057150636,0.00975064034755417,-0.00318886358045081,-0.00272553110998467
2017-02-01,0.0148257876558235,0.00662922705717368,0.016328019001731,0.00790977082280114,-0.00150223134590742,-0.00128054376562747
2017-03-01,0.0145216781627013,0.00672999706672898,0.0190948499343938,0.0121468071845185,-0.00457317177169245,-0.00541681011778954
2017-04-01,0.0140166379083305,0.00816454463413547,0.020692173048056,0.0132581659819833,-0.00667553513972542,-0.00509362134784786
2017-05-01,0.0135926407045473,0.00685276968413828,0.0170143550608103,0.00958440626626719,-0.003421714356263,-0.00273163658212891
2017-06-01,0.0137395881716235,0.00711082377266232,0.0237767162042806,0.011633162274747,-0.0100371280326571,-0.00452233850208472
2017-07-01,0.0137667263367676,0.00895780138351314,0.0175246727537613,0.00883453413138271,-0.00375794641699373,0.000123267252130426
2017-08-01,0.0137402958223186,0.00707909184295177,0.0182421749030981,0.00946406272468474,-0.00450187908077948,-0.00238497088173297
2017-09-01,0.013520993986215,0.00972928667013149,0.0151665320995273,0.00737763996427769,-0.00164553811331224,0.0023516467058538
2017-10-01,0.0135416622556776,0.00689626631231197,0.0136257439763369,0.00786685470870857,-8.40817206592803e-05,-0.000970588396396591
2017-11-01,0.0139740133170532,0.00705283789009408,0.0147451318006621,0.00798156250563865,-0.000771118483608852,-0.000928724615544564
2017-12-01,0.0140273899912971,0.00863278744771354,0.0186179312057876,0.0100000561026817,-0.00459054121449048,-0.00136726865496817
2018-01-01,0.0140376890427997,0.00667313230071965,0.0171170894424324,0.00870684458910124,-0.00307940039963267,-0.00203371228838159
2018-02-01,0.0140004584959572,0.00626891493500124,0.0198392196390034,0.00943924026721239,-0.00583876114304615,-0.00317032533221115
2018-03-01,0.0137958677766419,0.0080063404543172,0.0172245645645371,0.0104716971347702,-0.00342869678789517,-0.00246535668045302
2018-04-01,0.013274818452098,0.00626444162373309,0.0150113024718933,0.00985778497454105,-0.00173648401979521,-0.00359334335080796
2018-05-01,0.0124122203955569,0.0062573711478598,0.023342127344513,0.012216066898699,-0.010929906948956,-0.00595869575083918
2018-06-01,0.0118741571815997,0.00786943964696944,0.0186856218330962,0.00913184452125651,-0.00681146465149653,-0.00126240487428707
2018-07-01,0.0116518506763346,0.00590341648534971,0.0245813955759565,0.0125219776905085,-0.0129295448996219,-0.00661856120515884
2018-08-01,0.0113700646865805,0.00587523788637429,0.0211434107042184,0.010234529193042,-0.00977334601763794,-0.00435929130666773
2018-09-01,0.0109262517527177,0.00722781063719428,0.0154546916839768,0.0079608143274488,-0.0045284399312591,-0.000733003690254521
2018-10-01,0.0111761233686281,0.00597837520644866,0.0126313456565786,0.00738793226731585,-0.00145522228795053,-0.00140955706086719
2018-11-01,0.0118234298390446,0.00632220194954254,0.0128937875271216,0.00697759383293922,-0.00107035768807701,-0.000655391883396676
2018-12-01,0.0122767197901439,0.00787994760192705,0.0146738701467819,0.00830834271691927,-0.00239715035663799,-0.000428395114992219
2019-01-01,0.0124395503910982,0.00622851328938944,0.015126919726473,0.00835295388514785,-0.00268736933537481,-0.00212444059575842
2019-02-01,0.0125933408426881,0.00622152281431717,0.0173771088108922,0.00807382027935511,-0.00478376796820413,-0.00185229746503794
2019-03-01,0.0124444437236488,0.0074029131015302,0.00952856339062239,0.00683677114434786,0.00291588033302641,0.000566141957182348
2019-04-01,0.0116027955573011,0.00584143142668803,0.0176807327650716,0.0115749562245741,-0.0060779372077705,-0.00573352479788608
2019-05-01,0.0113347441747892,0.00608511450169885,0.0147505621452092,0.00910382080769477,-0.00341581797041999,-0.00301870630599592
2019-06-01,0.0113556312955044,0.00783963264177678,0.0226193722577661,0.0117752617929152,-0.0112637409622617,-0.00393562915113847
2019-07-01,0.0113107030644953,0.00578364583432805,0.0254391307183915,0.0128283928652836,-0.0141284276538962,-0.00704474703095558
2019-08-01,0.0112316460351052,0.00731624263215359,0.0239403545710461,0.0120536017048923,-0.0127087085359409,-0.00473735907273871
2019-09-01,0.0109639617075212,0.00581138514288598,0.0213340733066905,0.0110695321332593,-0.0103701115991693,-0.00525814699037336
2019-10-01,0.011180652752551,0.00586492072098596,0.0265364054135311,0.0138739109433479,-0.0153557526609801,-0.00800899022236195
2019-11-01,0.0116414186089582,0.00775081395635601,0.0237153984421701,0.0124479039116822,-0.0120739798332119,-0.00469708995532618
2019-12-01,0.0122237658607593,0.00652118393475942,0.0235195800063828,0.012813997286894,-0.0112958141456235,-0.00629281335213457
2020-01-01,0.0123957958720998,0.00593538455311763,0.0128282540684031,0.00706685532954345,-0.000432458196303331,-0.00113147077642582
2020-02-01,0.0121888836843722,0.00723676237276871,0.0164043859051821,0.00815297974481709,-0.00421550222080989,-0.000916217372048372
2020-03-01,0.0255438432087333,0.0643183609172527,0.0363086093430568,0.020243092568804,-0.0107647661343235,0.0440752683484487
2020-04-01,0.116920437056722,0.128048198239727,0.0948895242405691,0.0512886068704672,0.0220309128161525,0.0767595913692597
2020-05-01,0.139535672369055,0.0745992478567046,0.0894887553495297,0.0456031328452196,0.0500469170195253,0.0289961150114851
2020-06-01,0.121358498503244,0.0409207800196758,0.0760538582342871,0.0368636411186575,0.0453046402689569,0.0040571389010183
2020-07-01,0.113347393665887,0.0378714288804574,0.0716381616039946,0.0352597398399204,0.0417092320618919,0.00261168904053703
2020-08-01,0.0958994364787498,0.0315618052035904,0.0673996329443621,0.0332059993895402,0.0284998035343877,-0.00164419418594971
2020-09-01,0.0809181862919675,0.0233154966020452,0.063931469125688,0.0319852863686484,0.0169867171662796,-0.00866978976660319
2020-10-01,0.0537170885671024,0.0271403894137468,0.0555004808890652,0.0287114412115343,-0.00178339232196281,-0.00157105179778756
2020-11-01,0.0405928643023181,0.0205071335650765,0.0540376145951581,0.0282083730709604,-0.0134447502928399,-0.00770123950588397
2020-12-01,0.0367456441534623,0.0228410569192382,0.049547942033368,0.0255460958136104,-0.0128022978799057,-0.00270503889437217
2021-01-01,0.0347884922149931,0.0291205697686075,0.048009644032954,0.0249579032845157,-0.0132211518179609,0.00416266648409178
2021-02-01,0.0311802573259305,0.0212476735204626,0.0435302215439879,0.0216337444606695,-0.0123499642180574,-0.000386070940206897
2021-03-01,0.0279684815106685,0.0188344443755889,0.0401398800809909,0.0226826807658532,-0.0121713985703224,-0.00384823639026432
2021-04-01,0.027203152865525,0.0169193844116096,0.0468509730448309,0.0257030303075392,-0.0196478201793059,-0.00878364589592962
2021-05-01,0.026008167480936,0.0168475703860934,0.0434982212225006,0.0226225422703684,-0.0174900537415646,-0.00577497188427506
2021-06-01,0.0236878563165085,0.0117631373795486,0.0438360140894549,0.0217472291488447,-0.0201481577729463,-0.0099840917692961
2021-07-01,0.0219430896322667,0.0135009697418164,0.0403333751586174,0.0200984392028034,-0.0183902855263507,-0.00659746946098703
2021-08-01,0.02030618827384,0.0105015651126885,0.0301820186256121,0.0146252526632001,-0.00987583035177212,-0.00412368755051154
2021-09-01,0.0198664945295457,0.0103556086830472,0.0271907075489541,0.0130751965812058,-0.00732421301940833,-0.00271958789815855
2021-10-01,0.0174632104194795,0.010532142343074,0.0203114308466891,0.0107095986371904,-0.00284822042720958,-0.000177456294116429
2021-11-01,0.0142224657765737,0.00700661508899297,0.0226232034759641,0.0113925387296538,-0.00840073769939037,-0.00438592364066078
2021-12-01,0.0127115255248247,0.00640668293021028,0.0143917884694712,0.00792575689239356,-0.00168026294464644,-0.00151907396218328
2022-01-01,0.0123326919705891,0.00866112718545187,0.0250551594106815,0.0134516430068486,-0.0127224674400924,-0.00479051582139668
2022-02-01,0.0118330115560438,0.00634376874118381,0.0257181285903829,0.0126859049133888,-0.0138851170343391,-0.00634213617220495
2022-03-01,0.0111776336210242,0.00622790081897041,0.0139404847083939,0.00932798382134645,-0.00276285108736973,-0.00310008300237604
2022-04-01,0.0102295983501466,0.00760578207407578,0.0180015200848341,0.0111188460779971,-0.00777192173468747,-0.00351306400392132
2022-05-01,0.00976253905658365,0.00599178512690101,0.00876207571977926,0.00535725801316568,0.00100046333680439,0.000634527113735326
2022-06-01,0.00975004129261216,0.00607034250043607,0.00918799648065342,0.00400000582417138,0.000562044811958743,0.00207033667626469
2022-07-01,0.00982297213976985,0.00769557848950805,0.0174757442942016,0.0089874161906015,-0.00765277215443171,-0.00129183770109346
2022-08-01,0.0099968456592624,0.0061084976827809,0.0173957435260228,0.00889285967697492,-0.00739889786676043,-0.00278436199419402
2022-09-01,0.0098363741554711,0.00557241705473085,0.0154114716039213,0.00806634297054379,-0.00557509744845018,-0.00249392591581294
2022-10-01,0.00982682289026732,0.00705297689375145,0.0122595033608856,0.0064364721040373,-0.00243268047061832,0.00061650478971415
2022-11-01,0.0101512737523096,0.00586935786913373,0.0177073831404761,0.0085821086221043,-0.00755610938816651,-0.00271275075297056
2022-12-01,0.0109032199561844,0.00724792590957084,0.0135044920428728,0.00743547290126788,-0.00260127208668846,-0.000187546991697042
2023-01-01,0.0110398001658517,0.00563002277784704,0.0126569100649984,0.00642558009538396,-0.00161710989914671,-0.000795557317536916
2023-02-01,0.0113323135742361,0.00591221218358265,0.0165188747564923,0.00680531194890037,-0.00518656118225613,-0.000893099765317719
2023-03-01,0.0115852516391333,0.00630452428423948,0.0262789362095042,0.0155393299586631,-0.0146936845703709,-0.00923480567442366
2023-04-01,0.0116821123230607,0.00736599390067112,0.0124217967373691,0.00832039138901074,-0.000739684414308384,-0.00095439748833962
2023-05-01,0.0117399782640549,0.00615421301867532,0.0211987973551163,0.010913047174574,-0.00945881909106144,-0.00475883415589869
2023-06-01,0.0119833556041186,0.00682818103731344,0.019323169872387,0.00899460708152231,-0.00733981426826837,-0.00216642604420888
2023-07-01,0.0120031950706014,0.00794269491505024,0.0130003117695986,0.00589938977879908,-0.000997116698997149,0.00204330513625117
2023-08-01,0.0122027755423189,0.00661891242920854,0.0161719214848778,0.00763222879300199,-0.00396914594255888,-0.00101331636379345
2023-09-01,0.0121585368929196,0.00738211355624993,0.0115409721846757,0.00483704079457234,0.000617564708243867,0.00254507276167759
2023-10-01,0.0121406804575586,0.00564027745604574,0.0137873510406642,0.0068194415622919,-0.00164667058310559,-0.00117916410624616
2023-11-01,0.0120786441121741,0.00584818304598322,0.0211874666204511,0.0100979908613622,-0.00910882250827709,-0.00424980781537898
2023-12-01,0.0120477936052801,0.0069681905788722,0.0184621133261099,0.00899536968798819,-0.00641431972082981,-0.00202717910911599
2024-01-01,0.0118527627107583,0.00564210845592998,0.0162066017399436,0.00804660048955711,-0.00435383902918524,-0.00240449203362713
2024-02-01,0.0119611365433929,0.00560209350234183,0.0104638729415793,0.0037013977787546,0.00149726360181367,0.00190069572358722
2024-03-01,0.0119978169175154,0.00717601501014262,0.0157563374454004,0.00982775293587151,-0.00375852052788499,-0.00265173792572889
2024-04-01,0.0118505762944387,0.0055872934344067,0.0136778533157188,0.00828762268898281,-0.00182727702128008,-0.00270032925457611
2024-05-01,0.0119502307552188,0.00589954407818448,0.0119249041761576,0.00661712117593924,2.53265790612391e-05,-0.000717577097754763
2024-06-01,0.0122309241530829,0.00779962246372588,0.00399210083870423,0.00160905250790872,0.00823882331437868,0.00619056995581716
2024-07-01,0.0123353582887205,0.00628017972961146,0.00905367832645486,0.00448977872928596,0.00328167996226565,0.0017904010003255
2024-08-01,0.012271828546461,0.00763018675262594,0.010202932128158,0.00442790898397804,0.00206889641830298,0.0032022777686479
2024-09-01,0.0121417911052736,0.00594267797385784,0.00820500614921992,0.00351196114572697,0.00393678495605366,0.00243071682813087
2024-10-01,0.012332087337478,0.00623199065984851,0.00901357728972953,0.00482154645649667,0.00331851004774848,0.00141044420335184
2024-11-01,0.0123571471940996,0.00722779022560208,0.00759814135222211,0.00328606548242149,0.00475900584187752,0.00394172474318059
2024-12-01,0.0122776810698127,0.00587587690785717,0.0157701460936027,0.00748644177496757,-0.00349246502379,-0.0016105648671104
2025-01-01,0.012280808445472,0.00565466216737033,0.0112393278957013,0.00570547659361292,0.0010414805497707,-5.0814426242587e-05
2025-02-01,0.01222985073408,0.00591766971003872,0.0111645839794116,0.00406789893872,0.00106526675466845,0.00184977077131873
2025-03-01,0.0122640417146269,0.0073313352518813,0.00999256174267675,0.00593413341759747,0.00227147997195017,0.00139720183428383
2025-04-01,0.0122941603715472,0.00592244695412488,0.0137910793773424,0.00893570081106576,-0.00149691900579527,-0.00301325385694088
2025-05-01,0.0125046925390194,0.00760145738630204,0.0140392371083133,0.00700727469753526,-0.00153454456929393,0.000594182688766777
2025-06-01,0.0127909769349746,0.00627005458266156,0.0112024169256115,0.00451311415743779,0.00158856000936306,0.00175694042522377
2025-07-01,0.0127412133834556,0.00579726026845123,0.00584957988465599,0.00252729480731314,0.00689163349879961,0.00326996546113809
2025-08-01,0.0127003184887854,0.0075115742530271,0.00739547580937713,0.00327840963626881,0.00530484267940824,0.00423316461675829
2025-09-01,0.0125809053963483,0.00612441942581304,0.00800912661098035,0.00351023674428544,0.00457177878536796,0.0026141826815276
2025-10-01,0.0127132434428142,0.00592087897439409,NA,NA,NA,NA
2025-11-01,0.0126172821187529,0.00725911512626927,0.0053263886375304,0.00173485622353411,0.00729089348122252,0.00552425890273516
2025-12-01,0.0123329885362448,0.00572503953753431,0.00705685951655798,0.00381240455239007,0.00527612901968682,0.00191263498514423
2026-01-01,0.0120783144138568,0.00690357025273873,0.0151278750974414,0.00812828632320999,-0.00304956068358462,-0.00122471607047126
2026-02-01,0.0120763587282328,0.00562585564505526,0.010808211207903,0.00445018718598945,0.00126814752032977,0.00117566845906581
