date,cc_ce,ic_ce,temp_layoff_share,perm_job_loser_share,completed_temp_share,job_leaver_share,reentrant_share,new_entrant_share,month_of_year
1994-01-01,0.025539309130772403,0.0033856361971410717,0.12780996523754345,0.2840092699884125,0.093279258400927,0.09756662804171495,0.33557358053302433,0.07323290845886443,Jan
1994-02-01,0.026320682295424395,0.0032847834485068583,0.12606314808342073,0.2774088314109286,0.09274146568798788,0.10043108470231854,0.33927531166258884,0.07340090877315623,Feb
1994-03-01,0.025962513655415038,0.0031646084442931927,0.11770956316410862,0.2755608028335301,0.09551357733175915,0.09634002361275089,0.351357733175915,0.0730814639905549,Mar
1994-04-01,0.02566515599629006,0.0032261980789022073,0.111151122314248,0.26263353739046935,0.08834473652622735,0.09866762693554196,0.3797863401752491,0.07766174528868083,Apr
1994-05-01,0.02581661849330829,0.0033668753207148037,0.10473783954516741,0.2677195198989261,0.08477574226152874,0.10069488313329122,0.36310802274162984,0.07997473152242578,May
1994-06-01,0.025509473182017454,0.003188684147752182,0.11668979437365964,0.2534376182666835,0.09473949791850637,0.10003784533871578,0.35057398763718933,0.06686009839788067,Jun
1994-07-01,0.024785541138928606,0.0031890555638973412,0.12371004278882457,0.2549710546186761,0.09551975836899068,0.09627485527309337,0.34445003775484523,0.07349609866599546,Jul
1994-08-01,0.024672777923489805,0.003133605883578261,0.13311483675784697,0.25097693180385733,0.08786083448884408,0.09756712466910375,0.3481658893230808,0.08092777007437288,Aug
1994-09-01,0.024502701172931282,0.0030776902395590207,0.11378329454357383,0.2540729247478666,0.09361261960175847,0.1100336177915697,0.33850530126713213,0.07848461339539695,Sep
1994-10-01,0.023837454122856237,0.0030875707865424514,0.11818658280922432,0.24868972746331236,0.09722222222222222,0.09971174004192872,0.345125786163522,0.08241614255765199,Oct
1994-11-01,0.023450813210024363,0.0030375621415294663,0.12230508474576271,0.2522033898305085,0.09789830508474576,0.09532203389830508,0.34738983050847455,0.08013559322033899,Nov
1994-12-01,0.02341886324237718,0.002993110012629035,0.13402489626556016,0.24356846473029045,0.10345781466113416,0.09654218533886584,0.3495159059474412,0.0727524204702628,Dec
1995-01-01,0.023096240762089718,0.0030657099678236504,0.13572881355932204,0.25328813559322033,0.09396610169491526,0.09613559322033899,0.3449491525423729,0.07742372881355933,Jan
1995-02-01,0.023188166098456246,0.003104778235779424,0.1426186169472659,0.2244330040350633,0.10045916237651314,0.10992069013496591,0.34033671907610963,0.07819674412133018,Feb
1995-03-01,0.023268600767776957,0.0031277595698710556,0.14245771005172655,0.2313714525373969,0.09925905214595275,0.11198098699846218,0.336222563959178,0.08136446246330212,Mar
1995-04-01,0.022977523095789758,0.003193906719117875,0.13917593198168737,0.22406801831262263,0.09561805101373447,0.10948332243296272,0.3641595814257685,0.07952910398953564,Apr
1995-05-01,0.023466367756397176,0.003376767455035389,0.13432032301480484,0.25531628532974426,0.09811574697173621,0.11843876177658143,0.3351278600269179,0.07523553162853297,May
1995-06-01,0.023774175728328156,0.0033402865102139393,0.14285714285714285,0.2156994748889188,0.09600107715093577,0.11404335532516494,0.3388986131681702,0.07876666217853777,Jun
1995-07-01,0.023727500816661896,0.003359918332815399,0.14667198086887206,0.22678357911518535,0.09366281387006775,0.10987113059651919,0.34010894114521056,0.07532881626145875,Jul
1995-08-01,0.023586825722221184,0.0032228618903217174,0.14457509353287012,0.22835382148583644,0.09620523784072689,0.11397648316408338,0.34246392303580975,0.07936932121859967,Aug
1995-09-01,0.023763687336132173,0.0032748800120602434,0.12209146830703396,0.2333511634126772,0.09668360524204332,0.11446910938753678,0.34354105375768923,0.08210751537844344,Sep
1995-10-01,0.023898389673426182,0.003333615606374853,0.14192139737991266,0.24249454148471616,0.09907205240174673,0.10330240174672489,0.34279475982532753,0.07628275109170306,Oct
1995-11-01,0.023976906864693424,0.0033829692694571185,0.14193374629679503,0.2317532992189604,0.09668731483975222,0.11284675464583895,0.33611634796660383,0.07769997306760032,Nov
1995-12-01,0.023443887303404954,0.0032752885500049026,0.13606358615115183,0.23844806681934527,0.09591809241546545,0.12191836184830931,0.3297858008891284,0.0784049575643271,Dec
1996-01-01,0.023604019731365358,0.0033328563962362035,0.14791082632492325,0.2314777733279936,0.09571485782939528,0.10959818448805234,0.32999599519423306,0.08183153117073821,Jan
1996-02-01,0.023996120483863737,0.003361818383636652,0.14440038287980309,0.23998359086558185,0.09804457814850266,0.1028305756871325,0.3325584575413647,0.07917407356761931,Feb
1996-03-01,0.02392705728313959,0.003443357517394837,0.139655643618475,0.2455588958731894,0.0933315113418967,0.10767969390543865,0.34025690079256626,0.07748018584312653,Mar
1996-04-01,0.023335765179695937,0.00318335813206978,0.1478084962913014,0.23910991233985165,0.10397842211732973,0.09912339851652056,0.33769386378961563,0.076062036412677,Apr
1996-05-01,0.022954736927283965,0.0030526565803703247,0.15290313889263102,0.2276707530647986,0.09807355516637478,0.09281961471103327,0.37478108581436076,0.07476761417216758,May
1996-06-01,0.02257813923594655,0.0030322759994273587,0.1412262156448203,0.2390415785764623,0.08639887244538408,0.09739252995066948,0.3391120507399577,0.08386187455954898,Jun
1996-07-01,0.021939740959505055,0.0029693544993386355,0.1322066239607469,0.23238380809595202,0.09349870519285812,0.10085866157830176,0.349189041842715,0.08450320294398256,Jul
1996-08-01,0.02197850997967446,0.0029235365664111554,0.13193839000290614,0.2124382446963092,0.1001162452775356,0.10999709386806161,0.36646323743097936,0.08166230746875908,Aug
1996-09-01,0.021789951563395984,0.0030200185597872922,0.13913168075655538,0.21965897693079237,0.09757844963461813,0.1114772890098868,0.3487605674165353,0.079954148158762,Sep
1996-10-01,0.021570396401329295,0.0029722037923181105,0.13639596074527094,0.22429241928601906,0.09287441331247333,0.11591523254160148,0.35357701607168257,0.08050064002275636,Oct
1996-11-01,0.02129290303841818,0.0029494081290141957,0.13653952459922608,0.22249861802100607,0.09273079049198452,0.11691542288557213,0.3468767274737424,0.0789110005527916,Nov
1996-12-01,0.02181150437858224,0.003099333453051481,0.13180752791948158,0.2146697918102854,0.09099682889838688,0.12105335723149042,0.3551633806700676,0.0845167516889563,Dec
1997-01-01,0.02169051293452957,0.0029557165650911563,0.13327745180217937,0.21668063704945514,0.10240290583962,0.12014529198100028,0.34814193908913105,0.08242525845208158,Jan
1997-02-01,0.021056210928304255,0.0027965961305397888,0.1357364122782315,0.21064488876372853,0.0963108983384962,0.11194029850746269,0.3576457335961701,0.08645451985356238,Feb
1997-03-01,0.020468555186454275,0.002784825577846948,0.14442857142857143,0.2087142857142857,0.10114285714285715,0.11257142857142857,0.3535714285714286,0.088,Mar
1997-04-01,0.02014749343467369,0.0028345618385020093,0.14244143750909355,0.20776953295504147,0.09821038847664776,0.11232358504292157,0.3551578641059217,0.08409719191037393,Apr
1997-05-01,0.019961556580129748,0.002806823007054895,0.14154770848985726,0.21412471825694968,0.0994740796393689,0.12126220886551466,0.35702479338842974,0.08835462058602554,May
1997-06-01,0.019898277370891018,0.0028215592612611745,0.1363435799382262,0.21503162229739667,0.09751434034416825,0.11869392557729078,0.3418149727901162,0.08001176643624063,Jun
1997-07-01,0.0195435234007794,0.002757793949812559,0.129526671675432,0.21006761833208115,0.10007513148009016,0.11945905334335086,0.34440270473328327,0.08775356874530428,Jul
1997-08-01,0.019568496398295266,0.002843477165427344,0.1260593220338983,0.21625302663438256,0.10547820823244553,0.13468523002421307,0.3347457627118644,0.08353510895883777,Aug
1997-09-01,0.019244277999511682,0.002714737057543823,0.12800480769230768,0.21844951923076922,0.09390024038461539,0.1287560096153846,0.3389423076923077,0.08323317307692307,Sep
1997-10-01,0.018951342618153944,0.002651733789947065,0.15416795785559342,0.20994731949178805,0.0968391695072823,0.1151224047102572,0.348311124883793,0.08227455841338704,Oct
1997-11-01,0.018947065628170157,0.0026910820977978926,0.12682308180088775,0.21813570069752694,0.10415345592897908,0.10748256182625238,0.35240963855421686,0.08449587824984148,Nov
1997-12-01,0.019120283722513474,0.0026795342248416712,0.14993823347745522,0.2157195799876467,0.0980543545398394,0.11117974058060531,0.33446571957998766,0.08292155651636812,Dec
1998-01-01,0.01934209585023546,0.002730608819925997,0.1359924623115578,0.21655150753768845,0.09563442211055276,0.12735552763819097,0.3489321608040201,0.08055904522613065,Jan
1998-02-01,0.018908956001620174,0.0027119060197895177,0.1328893117665715,0.2194735172851253,0.09023152553124009,0.12305740564541706,0.346336822074215,0.0851569933396765,Feb
1998-03-01,0.0188877028196469,0.0026779009286322826,0.15602616007474307,0.21955777016505762,0.08969168483338524,0.11413889753970725,0.3419495484272812,0.08657739022111492,Mar
1998-04-01,0.018432244105239543,0.0026265420007924385,0.12068675307187342,0.2316108399259384,0.10015148964820737,0.10351792627503788,0.35398081131122705,0.08853728328564214,Apr
1998-05-01,0.01802770596428148,0.0026282310953267105,0.1352736894327766,0.2272201091450306,0.10203406647924591,0.12303621630560609,0.34049942120059534,0.08384322804696544,May
1998-06-01,0.01870038786255517,0.0028545697629191132,0.13522215067611076,0.2110431423052157,0.10415325177076626,0.11896329684481649,0.33483580167417903,0.08902124919510625,Jun
1998-07-01,0.019526558252816698,0.0027862212739959125,0.14762741652021089,0.21153538903978272,0.09937689726793418,0.12398146668796932,0.33168237737657774,0.08052404537466049,Jul
1998-08-01,0.018722068236316076,0.0026155338445979647,0.1437125748502994,0.21540702379025733,0.09402815989642337,0.11830393267519015,0.35264605923288556,0.07930085774397151,Aug
1998-09-01,0.018014217426165765,0.0025435773792635355,0.1419047619047619,0.20492063492063492,0.10365079365079365,0.11984126984126985,0.3453968253968254,0.07444444444444444,Sep
1998-10-01,0.01802933984344329,0.0025872819050884706,0.14012738853503184,0.20939490445859874,0.10254777070063695,0.11719745222929936,0.3460191082802548,0.09171974522292993,Oct
1998-11-01,0.01835712330437449,0.002632263625267085,0.13655737704918033,0.21278688524590164,0.09950819672131148,0.11114754098360656,0.35081967213114756,0.08278688524590164,Nov
1998-12-01,0.0184945674493647,0.002632263625267085,0.14190981432360741,0.2385610079575597,0.08753315649867374,0.1177055702917772,0.3317307692307692,0.08090185676392574,Dec
1999-01-01,0.01892302567862527,0.0026987980834065946,0.14625167336010708,0.2143574297188755,0.09504685408299866,0.12115127175368139,0.33417001338688085,0.08952476572958501,Jan
1999-02-01,0.018536655750682023,0.0024944439673423922,0.13991163475699558,0.19440353460972018,0.10472917689412535,0.12322042218949436,0.3429880543282605,0.08558337424316806,Feb
1999-03-01,0.018424964229756244,0.00250478577483552,0.14750129690472075,0.20940688224105136,0.0954521874459623,0.13176551962649144,0.34566833823275117,0.07522047380252464,Mar
1999-04-01,0.018399257674856655,0.0025368361978517447,0.13924050632911392,0.2111925383077948,0.09710193204530314,0.13241172551632246,0.3341105929380413,0.07878081279147235,Apr
1999-05-01,0.01820930332746484,0.0024800965875918513,0.14078674948240166,0.22481021394064873,0.08988957902001381,0.1349206349206349,0.34679089026915116,0.07056590752242926,May
1999-06-01,0.018027160955398663,0.0024176007849867516,0.1478743068391867,0.21424970593177617,0.085867921357755,0.14165686439253908,0.3385985548647286,0.07393715341959335,Jun
1999-07-01,0.017915901767041994,0.0024343145753139314,0.1404149377593361,0.2107883817427386,0.10390041493775934,0.12929460580912863,0.3354356846473029,0.07717842323651453,Jul
1999-08-01,0.017810115277946976,0.0023750904791024346,0.14782459746488524,0.21548475505310039,0.08838643371017471,0.1354916067146283,0.3355601233299075,0.07862281603288798,Aug
1999-09-01,0.017661033932311138,0.002364879428031487,0.14911242603550295,0.20236686390532543,0.08520710059171598,0.1323753169907016,0.336770921386306,0.08571428571428572,Sep
1999-10-01,0.01706315400473474,0.0023564485081676665,0.14018691588785046,0.2033575631706473,0.0943232952578747,0.13136033229491173,0.34631360332294914,0.08843890619591555,Oct
1999-11-01,0.01692480191429308,0.0022862581514333335,0.1499300209937019,0.19909027291812456,0.08852344296710987,0.14643107067879635,0.33799860041987406,0.08100069979006298,Nov
1999-12-01,0.017018118573535256,0.0022598860520822834,0.13886431983017866,0.198478683884663,0.09074827525207854,0.14204846983902353,0.3601627454448965,0.07588890854413585,Dec
2000-01-01,0.017037864736425774,0.002328998099338892,0.13192011212333568,0.20409950946040645,0.11002102312543798,0.13507358093903293,0.3584442887175893,0.06902592852137351,Jan
2000-02-01,0.017342314210576526,0.0023722024676865443,0.14493001024240354,0.199897575964493,0.099180607715944,0.1309320587231137,0.3398770911573916,0.07169682485489928,Feb
2000-03-01,0.016789136784069195,0.0022187663931808616,0.1423338566195709,0.20146520146520147,0.09820338391766963,0.14268271411128555,0.34571777428920286,0.07482993197278912,Mar
2000-04-01,0.016165271087922584,0.0021784695978365456,0.12899106002554278,0.19759168035030103,0.09523809523809523,0.15070242656449553,0.35011859149790187,0.07407407407407407,Apr
2000-05-01,0.015957530430396934,0.0022638919145411083,0.1507467870788468,0.18687044112539075,0.09534560611323376,0.136158388329281,0.3560263980548802,0.08093087877735325,May
2000-06-01,0.016268339329204615,0.0023340745691105844,0.17271279419571758,0.19005485754733675,0.07609272695098213,0.12192532295168997,0.36205981242258006,0.07556184746062644,Jun
2000-07-01,0.016640375655044247,0.002353716349366155,0.15016530363668001,0.19436227597007133,0.09135200974421437,0.14198712371672176,0.34557160257525665,0.07534365756046633,Jul
2000-08-01,0.016892901493883023,0.002495338265302593,0.1573552024602768,0.20502306509482318,0.09294378950965317,0.13309413975738937,0.3336750384418247,0.0852554245685973,Aug
2000-09-01,0.016911651437683056,0.0023952055867109143,0.15306666666666666,0.20426666666666668,0.09706666666666666,0.14026666666666668,0.3221333333333333,0.07377777777777778,Sep
2000-10-01,0.01678436967797677,0.002387286602750624,0.14853632092518973,0.2043729671123961,0.09107336465486086,0.147632815323455,0.3397181062522588,0.07264185037947235,Oct
2000-11-01,0.017537832227017665,0.0026509984949149366,0.15853874800496542,0.18336584500798014,0.10214577052668913,0.13867707040255364,0.3475793580422061,0.07430395460187976,Nov
2000-12-01,0.01829248445376757,0.0027441899154542052,0.1727014554490593,0.1769613063542776,0.1050763223287185,0.12673056443024494,0.3335108271210508,0.08697195598154064,Dec
2001-01-01,0.018887442408673925,0.0026804676693933565,0.17001494271957496,0.1939232940395152,0.09131661962477171,0.13697492943715756,0.3274115889091815,0.0737174165698157,Jan
2001-02-01,0.01960289076454877,0.002926834183124364,0.15782558712432254,0.21859090162588274,0.0880275907373953,0.13614715059944163,0.3181146329446543,0.0650353095746428,Feb
2001-03-01,0.02038259150720466,0.0030525796517326697,0.1647940074906367,0.22748737990555284,0.10714867285458395,0.13255170167725125,0.30874450415241816,0.061553492916463115,Mar
2001-04-01,0.02115638689024534,0.003111983130486547,0.16664008929995217,0.23568808802423855,0.09121352256418434,0.12023600701642481,0.31063626215914525,0.07287513953117525,Apr
2001-05-01,0.022113316800565084,0.003094334832960158,0.17218117571474462,0.24831352393189848,0.09380019274012207,0.13154513331191778,0.2899132669450691,0.07516864760681015,May
2001-06-01,0.02311848539079029,0.0031155127899918245,0.1565391733497841,0.26002467612584823,0.09423195558297347,0.12476866132017274,0.2928747686613202,0.07202344231955583,Jun
2001-07-01,0.02365619208545418,0.0031065460529607404,0.15221023849308826,0.26933009266291963,0.09084004253379918,0.12243657906729455,0.29621753000151907,0.06805407868752848,Jul
2001-08-01,0.02435282332974249,0.0031065460529607404,0.15194547003692133,0.2593013348480545,0.08946322067594434,0.12567452428287418,0.31198523146833285,0.06887247940925874,Aug
2001-09-01,0.02546275008534806,0.0033953455603967894,0.16297955754690563,0.26043125175021004,0.09087090450854103,0.1171940632875945,0.2990758891066928,0.06622794735368244,Sep
2001-10-01,0.027449770849079503,0.0037410283021105514,0.17273199896022876,0.2839875227449961,0.10540681050168962,0.1148947231609046,0.2759292955549779,0.06251624642578632,Oct
2001-11-01,0.0284536037164165,0.003482288435141907,0.14894414594527053,0.30875921529426464,0.09796326377608397,0.10658503061351993,0.2758965387979508,0.06185180557291016,Nov
2001-12-01,0.027931454992398574,0.0032433917760159706,0.13526277549043353,0.3058852022281424,0.0937272947444902,0.10922741583918624,0.2890530394768709,0.062363768466941145,Dec
2002-01-01,0.027593095650243985,0.0031747020343964706,0.1416524077242728,0.32229283793693475,0.09288682473722806,0.10889758005377659,0.2780493766805182,0.05915424101686629,Jan
2002-02-01,0.027622239181771494,0.003100871754526785,0.13730979914790017,0.30821667681071213,0.09567863664029215,0.10712111990261716,0.28167985392574557,0.061716372489348754,Feb
2002-03-01,0.028061723637206305,0.003228326132407084,0.13210500963391136,0.3123795761078998,0.0970616570327553,0.10729768786127168,0.29624277456647397,0.06478805394990365,Mar
2002-04-01,0.02871818710081243,0.0033414059261431825,0.13222467728805676,0.3148040469822072,0.09175485521572276,0.11547854401674613,0.2786370508198628,0.061286196069310385,Apr
2002-05-01,0.028895279668825845,0.0031837740798894855,0.1345398261697821,0.32634837480652457,0.08679604714847006,0.10656030479819026,0.28551017978330756,0.05917371115609001,May
2002-06-01,0.02829744629636738,0.0030140765861447648,0.1285595138806148,0.3311092577147623,0.0887644465626117,0.09877278684618135,0.28392708209221973,0.06541165256761587,Jun
2002-07-01,0.02738898887379823,0.0030169507613001688,0.1400476758045292,0.3175208581644815,0.09415971394517282,0.09940405244338499,0.2825983313468415,0.06495828367103695,Jul
2002-08-01,0.02748707885321356,0.0030763518643724002,0.14053468208092484,0.3221339113680154,0.09561657032755298,0.10211946050096339,0.2763728323699422,0.07369942196531792,Aug
2002-09-01,0.02778564755549767,0.0032006252247472,0.12798448672888135,0.3235971397406375,0.09380681129560053,0.0964731547691189,0.28117803902557265,0.06496182280935645,Sep
2002-10-01,0.027912729097016167,0.0031988854973027036,0.13265920308173829,0.3305645840857108,0.09485975683158782,0.10412904779101963,0.28301432526784637,0.05766221259179006,Oct
2002-11-01,0.02733692970750168,0.0030787801031708474,0.12758215962441313,0.33039906103286387,0.09272300469483569,0.09553990610328639,0.2795774647887324,0.0693661971830986,Nov
2002-12-01,0.02733967721651777,0.003251873171184405,0.12893518518518518,0.321875,0.09722222222222222,0.10104166666666667,0.28530092592592593,0.061921296296296294,Dec
2003-01-01,0.026896473115775827,0.0031114678227358184,0.12969483568075119,0.3203051643192488,0.10997652582159624,0.09870892018779343,0.28039906103286383,0.07030516431924883,Jan
2003-02-01,0.027073708624665842,0.00323750196239094,0.13077280111394754,0.32513344163378977,0.10652123462520306,0.08946391274077513,0.27976328614527735,0.06776514272453005,Feb
2003-03-01,0.027891355105678445,0.0033666869555374398,0.13297624592454588,0.3216115510013973,0.10526315789473684,0.09489986027014438,0.2813227759664648,0.07335817419655333,Mar
2003-04-01,0.02866368506431575,0.0034450120832861066,0.12757294729699162,0.3133906356028048,0.10269169871069894,0.09307848902963131,0.28805700067857953,0.07181633114679936,Apr
2003-05-01,0.02937006060781132,0.0033482753542998494,0.1396672993189684,0.3232108965055264,0.10315954002456179,0.08663615049681814,0.279557887685609,0.07033605001674668,May
2003-06-01,0.029230285905520972,0.0033305073836697205,0.12475717677530758,0.30930282754154975,0.10090654003885172,0.09399956831426722,0.29279084826246493,0.07133606734297432,Jun
2003-07-01,0.02857762869336957,0.003251902995457056,0.12395960492731106,0.3301520363999556,0.09632671179669293,0.08733769836866052,0.2802130729108867,0.07424259238708246,Jul
2003-08-01,0.0284207628988135,0.003162604079664432,0.12421312949640288,0.34723471223021585,0.09172661870503597,0.08869154676258993,0.2797886690647482,0.07329136690647482,Aug
2003-09-01,0.028257575057121672,0.0031254620527418364,0.1286851249859881,0.33886335612599483,0.08530433807869073,0.093823562380899,0.2705974666517207,0.07689720883309047,Sep
2003-10-01,0.027574781859252398,0.003021460500605067,0.1260879523591388,0.32798900595510766,0.09516720109940449,0.09207512597343105,0.2859596885020614,0.0728355474118186,Oct
2003-11-01,0.02668218547837993,0.0028711784338210458,0.12465018656716417,0.31786380597014924,0.09888059701492537,0.10750932835820895,0.279384328358209,0.06914645522388059,Nov
2003-12-01,0.02586631204739194,0.00283360791712504,0.12600697366839003,0.31838403270410004,0.09678970782734159,0.09438499458939521,0.2827942767824937,0.08332331369484189,Dec
2004-01-01,0.024936169876386,0.0028530615556426647,0.12329749103942653,0.3086021505376344,0.0936678614097969,0.097610513739546,0.3046594982078853,0.08076463560334528,Jan
2004-02-01,0.02467122010116044,0.002857417979450559,0.1286886249540835,0.31076282600710176,0.09122076649932656,0.10064895310395494,0.29411044447165424,0.0815476919309416,Feb
2004-03-01,0.024128647317813622,0.002708903531454168,0.12024496525733129,0.3204569544223295,0.10269697326581086,0.10175479919915205,0.28818749263926513,0.07431397950771405,Mar
2004-04-01,0.02379960204479804,0.0027620466257105448,0.12178702570379436,0.30942472460220316,0.09718482252141983,0.10244798041615667,0.28482252141982867,0.07980416156670747,Apr
2004-05-01,0.02360013191518822,0.0026664754502911275,0.1164150024354603,0.2940818314661471,0.0963224549439844,0.1024111056989771,0.3006575742815392,0.08743302484169509,May
2004-06-01,0.023403041150941536,0.0027679950391183926,0.11984069514844316,0.28964518464880523,0.08315230509292783,0.11030654115375332,0.3095582910934106,0.07832488534878107,Jun
2004-07-01,0.02313462126527249,0.002720320567016957,0.12844149459193707,0.2857669616519174,0.1007866273352999,0.10988200589970501,0.28023598820059,0.08628318584070796,Jul
2004-08-01,0.02293238168959047,0.002702475898574426,0.1251564455569462,0.2637046307884856,0.10963704630788486,0.10988735919899875,0.30012515644555693,0.08811013767209011,Aug
2004-09-01,0.022704366481713683,0.0026747175254416,0.11858206130944872,0.27955090198057275,0.10773306421092468,0.1026870190488205,0.29960893149993695,0.08767503469156049,Sep
2004-10-01,0.021999290621866334,0.0026449831057247498,0.1164867882396725,0.28036223793574,0.10656246123309764,0.10234462225530332,0.2973576479344994,0.0910557002853244,Oct
2004-11-01,0.02165480928923452,0.0026034077724760825,0.1200201714573878,0.28555219364599094,0.10489157841654059,0.1110690872415532,0.2907211296016137,0.08825012607160868,Nov
2004-12-01,0.021532063067262262,0.0025756908836436377,0.12074615578522813,0.2811948575749937,0.10763801361230149,0.11583060247038064,0.29165616334761785,0.08847995966725486,Dec
2005-01-01,0.02150789517340265,0.002711583523954207,0.12410071942446044,0.28764131551901334,0.10675745118191161,0.10470195272353545,0.2989465570400822,0.07977903391572456,Jan
2005-02-01,0.02121336382382929,0.002461666172372522,0.12055137844611528,0.26629072681704263,0.10676691729323308,0.11967418546365914,0.3015037593984962,0.0943609022556391,Feb
2005-03-01,0.021000164187408892,0.002621565899687818,0.12201111541941322,0.26638231872818924,0.10003877471888328,0.11360992632803413,0.3103270001292491,0.09202533281633708,Mar
2005-04-01,0.020491619636482414,0.0025429624737026246,0.10779457768508863,0.26042752867570385,0.10479666319082377,0.11822210636079249,0.3093065693430657,0.09958289885297185,Apr
2005-05-01,0.02034881403964546,0.0025728611661533364,0.11540975035943014,0.24990197359822244,0.10612991765782251,0.12168344007319305,0.3131616782119984,0.09279832701607633,May
2005-06-01,0.020457000097855272,0.0025630260699524444,0.12905369484316853,0.25412014885699097,0.09928229665071771,0.11403508771929824,0.3135300372142477,0.08639021796916534,Jun
2005-07-01,0.020334957941223416,0.002541869742652927,0.12678908992708615,0.2588441803942749,0.09235754793410748,0.11031596003240615,0.3250067512827437,0.08506616257088846,Jul
2005-08-01,0.02022173347210709,0.002474091773251115,0.12266848196051736,0.2426140231449966,0.10496936691626957,0.11272974812797822,0.3287950987066031,0.0852280462899932,Aug
2005-09-01,0.021285416633528596,0.0029990772009876937,0.13663444988746193,0.2500992982920694,0.11320005295908911,0.11425923474116245,0.3133854097709519,0.0803654177148153,Sep
2005-10-01,0.021870463725759955,0.0027476554627283503,0.12411109620287132,0.252784113779686,0.10089896685898296,0.11860995572252785,0.3135650073795787,0.08560311284046693,Oct
2005-11-01,0.02107355002468755,0.0024749962962821383,0.11882104150145387,0.2512556172349987,0.09489822891884747,0.12067142479513614,0.323949246629659,0.08895056833201163,Nov
2005-12-01,0.020591033016255558,0.0024683651005316582,0.12817694738288227,0.25030910839401016,0.10248660530292622,0.11224069240280259,0.3243577414480011,0.08696249484819343,Dec
2006-01-01,0.01985752038855568,0.0022967781208116317,0.12231030577576443,0.2508493771234428,0.10093431483578709,0.11622310305775764,0.3200736126840317,0.08720271800679502,Jan
2006-02-01,0.019471164643803766,0.0022579483977209873,0.12388641425389756,0.24512806236080179,0.09966592427616927,0.12138084632516703,0.32238307349665923,0.09896993318485524,Feb
2006-03-01,0.019069277009815595,0.0023433737885204054,0.12895927601809956,0.25339366515837103,0.09813348416289593,0.11778846153846154,0.30740950226244346,0.08993212669683258,Mar
2006-04-01,0.01855747828773108,0.0023465432770325514,0.12443820224719102,0.2564606741573034,0.11137640449438202,0.11980337078651686,0.3050561797752809,0.08300561797752809,Apr
2006-05-01,0.018424151965172414,0.0025718454395012567,0.1332378223495702,0.2614613180515759,0.10272206303724929,0.12349570200573066,0.30587392550143266,0.07406876790830945,May
2006-06-01,0.018615446254060936,0.0023612284951694484,0.14412226824739324,0.23096700471361234,0.10612769604342237,0.11826881874017997,0.30895586344807885,0.0922725324953578,Jun
2006-07-01,0.018849490191473774,0.0024533426443381396,0.13101045296167246,0.22885017421602788,0.1018815331010453,0.11846689895470383,0.33059233449477354,0.08905923344947735,Jul
2006-08-01,0.018979160277913854,0.0024183278732222723,0.12607530672683684,0.24072768297842334,0.09603723029191934,0.12043435340572557,0.3206881963051756,0.09110139613594698,Aug
2006-09-01,0.018824864418381295,0.002433334203700501,0.12852344092303197,0.23820651380166497,0.10544764130276034,0.11537899810135827,0.33416094639988314,0.08938221118738134,Sep
2006-10-01,0.018730099484641074,0.0024156755799302028,0.14122194143005798,0.22194143005797531,0.10138248847926268,0.11580199197264754,0.33521629255240076,0.08503047420841385,Oct
2006-11-01,0.01895788505834289,0.0024979846527804395,0.14318975552968569,0.22933643771827705,0.1040454016298021,0.11466821885913853,0.32668800931315484,0.0860011641443539,Nov
2006-12-01,0.018997699679628586,0.0024807571724164367,0.14315291333924873,0.23765158237207926,0.09893522626441881,0.11608991422656019,0.3197278911564626,0.08666075125702455,Dec
2007-01-01,0.01924138049421546,0.0024182739276180465,0.14347948285553683,0.22681281618887014,0.10820685778527263,0.10989319842608207,0.30902192242833054,0.08740865654862282,Jan
2007-02-01,0.019584398072600998,0.0024601982983096125,0.1498484192291035,0.2371878157932727,0.10307492420961455,0.12213079255088782,0.30056301429190124,0.08647322073047495,Feb
2007-03-01,0.019201361776737147,0.002358436416721903,0.12702421631258357,0.2387461001337097,0.1051849650869113,0.11454464418362799,0.3203090179765265,0.09136829594413906,Mar
2007-04-01,0.018957824726327736,0.0024323891701147665,0.145985401459854,0.23883211678832117,0.10481751824817519,0.10832116788321168,0.31562043795620437,0.0905109489051095,Apr
2007-05-01,0.018591352353312787,0.002310864652638307,0.14232929352645582,0.25066509015666566,0.10360626662725392,0.11084835944428023,0.3185042861365652,0.07833284067395803,May
2007-06-01,0.018851490773535835,0.002394032994286259,0.1266657114199742,0.25189855280126094,0.10617566986674308,0.11864163920332425,0.30276543917466686,0.09170368247599943,Jun
2007-07-01,0.01923455511943696,0.0023700361456047312,0.14267729752412925,0.2618548048678137,0.10952580780528745,0.11554063505385369,0.2873129108966289,0.08420758147992727,Jul
2007-08-01,0.019315889161145662,0.0024211063578404276,0.13683316824678082,0.26758171784349793,0.10853261638601953,0.11277769916513372,0.2896561482948917,0.08320362247063817,Aug
2007-09-01,0.01919634703472729,0.0023711710392099686,0.1284518828451883,0.26624825662482565,0.10613668061366806,0.11617852161785217,0.302370990237099,0.09316596931659693,Sep
2007-10-01,0.01931590211434462,0.002475044352116179,0.14481138593339782,0.26060522315876744,0.10667403620284649,0.10805582423656211,0.28824098383308,0.0961724471466077,Oct
2007-11-01,0.019730608707996988,0.00253348028122174,0.13701657458563535,0.2632596685082873,0.10842541436464088,0.10662983425414364,0.29875690607734806,0.09364640883977901,Nov
2007-12-01,0.020448805127004047,0.00262546974381372,0.12622629169391758,0.26383257030739043,0.11628515369522564,0.10176586003924133,0.305297580117724,0.08881621975147155,Dec
2008-01-01,0.02104150024396863,0.0025467827450270206,0.138711776187378,0.261288223812622,0.1011060507482108,0.10709173715029278,0.2866623292127521,0.08809368900455433,Jan
2008-02-01,0.021383577335920598,0.0026069281677878063,0.132452981192477,0.27490996398559425,0.11217820461517941,0.10617580365479524,0.28398025877017474,0.08750166733360011,Feb
2008-03-01,0.02189894842720208,0.0027321058289086915,0.1373050370749169,0.27486576323191,0.11442086422909742,0.10176425466632574,0.27115827154180516,0.09000255689082076,Mar
2008-04-01,0.022221795879624712,0.002695254932093483,0.14521408930208196,0.27956003666361134,0.10776482912138274,0.11090742438130156,0.2774649731569988,0.08183841822705251,Apr
2008-05-01,0.02259365859070075,0.0027499847262639487,0.1275759380583681,0.26789755807027993,0.1110184633710542,0.103394877903514,0.29696247766527695,0.09493746277546158,May
2008-06-01,0.022924661386950897,0.0028733141939494503,0.1273469387755102,0.2766180758017493,0.10798833819241982,0.10017492711370263,0.2953935860058309,0.09166180758017493,Jun
2008-07-01,0.023758211842196824,0.002977022688136745,0.12017455521987244,0.28320465480586327,0.10450934318003804,0.09846704710753049,0.2978628175002797,0.09343180038044087,Jul
2008-08-01,0.02526729306664805,0.0032388211657367097,0.1320194956558593,0.2880906971816063,0.10351769442678534,0.1079677897859716,0.28130959949141765,0.08698876880695063,Aug
2008-09-01,0.02634253681393362,0.0034706998173252503,0.14166842216136508,0.3091426163892985,0.102801769538656,0.10480303349483884,0.2737518432694333,0.08584369075205393,Sep
2008-10-01,0.027863580953190924,0.0035492272441715322,0.13152670240222356,0.33492158030573754,0.0999602938256899,0.0924161207067699,0.260373238038515,0.08129839189994044,Oct
2008-11-01,0.030593928097786636,0.0038819322914684113,0.13484532169292085,0.3520592142721579,0.10400455494401215,0.08796735623457962,0.25555133801480356,0.07240463085974569,Nov
2008-12-01,0.033772736254507545,0.004212023494398199,0.13335105440368597,0.35282651072124754,0.10331384015594541,0.08771929824561403,0.2503987240829346,0.07115009746588694,Dec
2009-01-01,0.03630827617623033,0.004272264867276341,0.12414994194725494,0.3876264720517499,0.10607065848399402,0.07472217614861502,0.23270857521977112,0.06427268203682203,Jan
2009-02-01,0.039563263989445416,0.004810032472947488,0.11777019692975656,0.3954876725073655,0.11311831291673127,0.06489378198170259,0.2278647852380214,0.07745386881687083,Feb
2009-03-01,0.04306435517220028,0.004923934639426447,0.12021450916132877,0.4143453001638612,0.10151943989274542,0.06569343065693431,0.22553254878593773,0.06494860718009832,Mar
2009-04-01,0.0462622769419753,0.004695795027944862,0.1215621165090594,0.42799393633148053,0.09730744243124233,0.06273009456435429,0.22428354868981448,0.06504006352414639,Apr
2009-05-01,0.04881382721522419,0.004577979382082446,0.12400855231395269,0.42851231119387545,0.09724808607490172,0.06234912752603628,0.2207738464721705,0.06655631422856749,May
2009-06-01,0.04887853231596768,0.004475124453154939,0.11640715305636772,0.43421499966002586,0.09730060515400829,0.055687767729652546,0.22649078670021078,0.06806282722513089,Jun
2009-07-01,0.0461306741706097,0.004256886613072226,0.11732073145674954,0.43675090747209094,0.09403465516060544,0.06102321758783645,0.22327237860420518,0.06876241353331963,Jul
2009-08-01,0.04544536426926427,0.004202031763512778,0.1116511408127447,0.4427568516268395,0.09639530174159579,0.05683812609693533,0.22154718509518023,0.07324152828405563,Aug
2009-09-01,0.04497158368505561,0.004114113716958595,0.12619095209540943,0.4435338796721967,0.09367712705709907,0.05863148777400227,0.21733626490772204,0.07682057432207343,Sep
2009-10-01,0.04373729612130154,0.0039856346923358935,0.10891089108910891,0.4404637832204273,0.0975117248566962,0.05881969775924961,0.22218603439291298,0.07178217821782178,Oct
2009-11-01,0.0414228363865629,0.0037474372630642017,0.10000657073395099,0.4479926407779749,0.0927130560483606,0.06150206978119456,0.21262895065378803,0.08739076154806492,Nov
2009-12-01,0.03900482904323959,0.0036829570672422467,0.09908597165187442,0.44270764339647634,0.09345608689892701,0.06113392502318188,0.2232746059080673,0.0821963173930322,Dec
2010-01-01,0.03718636882816169,0.0036871295234040045,0.09723514555363552,0.42709025654659044,0.09650405423368337,0.06054765386149143,0.24258939252957595,0.07942310248571048,Jan
2010-02-01,0.03683863516635671,0.0037328536181606823,0.10421491431218156,0.4432607688744789,0.08740819162310594,0.05802951101700523,0.2295374842850526,0.07887249387944154,Feb
2010-03-01,0.03636218241427032,0.0036137404301390856,0.10972240494671753,0.42954874358637024,0.09058018681752401,0.05874227075384818,0.23621891856334692,0.07538481778713327,Mar
2010-04-01,0.03672063795304874,0.0036425505922123218,0.09076672104404568,0.43230016313213704,0.09122349102773246,0.06068515497553018,0.24613376835236542,0.07745513866231647,Apr
2010-05-01,0.03643691209157696,0.003580713060424073,0.09892922082295104,0.4334972051990033,0.08963566570139403,0.06552629806720991,0.22816351269445753,0.08094821200080814,May
2010-06-01,0.035723341606853795,0.0035892868182962247,0.09347796048086224,0.44113582976371424,0.08988531159320161,0.06135138869697388,0.22799502556307863,0.08111095757910737,Jun
2010-07-01,0.03563854315792793,0.003613747961427484,0.08227673649393605,0.4439773980154355,0.09385336273428886,0.062224366041896365,0.23270396912899668,0.08324145534729879,Jul
2010-08-01,0.03519356103577184,0.003747142951413085,0.0985800109229929,0.4314582195521573,0.09305024576734025,0.05939377389404697,0.230202075368651,0.08724740578918623,Aug
2010-09-01,0.03524483772879118,0.0035775354283491246,0.09177584196446945,0.43535221894505793,0.10000685918101379,0.05514781535084711,0.23314356265861855,0.08347623293778723,Sep
2010-10-01,0.0346221597472735,0.0035452126724760053,0.08762744557729402,0.42256820060622763,0.1018875723339763,0.05883163405896941,0.23980435381647836,0.08797189308349408,Oct
2010-11-01,0.033338477998316934,0.003387087652671337,0.0956170015250978,0.42682845965121674,0.10682315496319873,0.05702539619388635,0.22843312777667263,0.08454346528744779,Nov
2010-12-01,0.03257961143918471,0.0033394101725164327,0.09576247560635628,0.41427376637858937,0.10545023696682465,0.06412043490381934,0.23550320602174518,0.0910231391134653,Dec
2011-01-01,0.031193188448264988,0.0033976247523783932,0.08734746307000642,0.41661314493684437,0.10083493898522801,0.06529651038321559,0.2396346249910797,0.09576821522871619,Jan
2011-02-01,0.03065664205687818,0.0031976727377636136,0.09421128798842257,0.4109985528219971,0.09913169319826338,0.06425470332850941,0.24225759768451519,0.09312590448625181,Feb
2011-03-01,0.029989630620296106,0.0032335121582366803,0.09099512266142534,0.4140642061585499,0.1019145373807964,0.06464293513867657,0.2414646574943583,0.09368857829220353,Mar
2011-04-01,0.030029431678113415,0.0033495223729220597,0.0923550906355234,0.3996560865515512,0.10224260227842659,0.0681378519739199,0.24475173747940102,0.09350146879701941,Apr
2011-05-01,0.030052321659409607,0.0033645858631601347,0.09000360880548539,0.40728978708047636,0.0991699747383616,0.06604114038253338,0.24388307470227355,0.08856008661133165,May
2011-06-01,0.029797489120661384,0.0033307409166076366,0.08472998137802606,0.3992264718521702,0.10027216731127346,0.06940266437473142,0.2516831399512964,0.08895573700042973,Jun
2011-07-01,0.029592770980958548,0.0032808408498343445,0.08566446268982053,0.4045629586572695,0.09939693380803603,0.06822640412700719,0.24580396715832303,0.0930756375790162,Jul
2011-08-01,0.029537215814883496,0.0032549757470922477,0.08546822984512954,0.39267621942393977,0.10146186134028079,0.07084961644232161,0.25474019394992037,0.090751194094659135,Aug
2011-09-01,0.029749842435725298,0.003320552181557476,0.08624892457700029,0.3864353312302839,0.10281043877258389,0.06975910524806424,0.2487811872669917,0.09879552624032119,Sep
2011-10-01,0.029351579350076644,0.0031908027692000326,0.09173164631455054,0.3854641753714874,0.10328085920258938,0.07988818596439606,0.24790348683242608,0.09467412093570693,Oct
2011-11-01,0.028944739464180212,0.003084665252958836,0.08870846489249737,0.3812208690422493,0.10524733122838671,0.07600360847992783,0.2523680649526387,0.0960006014133213,Nov
2011-12-01,0.02831790061637278,0.0029875884402452953,0.09455434201481708,0.3840219964866723,0.09844955319636448,0.07271060872221798,0.256549301153288,0.09791491636752463,Dec
2012-01-01,0.027265372238593516,0.002984279424303861,0.09978901304993358,0.37055559896850826,0.09728842697507228,0.07361100257872939,0.2542002031726186,0.09846057669766352,Jan
2012-02-01,0.026716312225386056,0.0028697273352174123,0.09076718957308982,0.36548817607117773,0.10060095215796457,0.08077733551861391,0.2608288457035823,0.10668851947241083,Feb
2012-03-01,0.026361200749218064,0.0028961928178684194,0.09045858569967749,0.36380083379218126,0.0992684653504287,0.08628962479351844,0.2578462990639503,0.1091795799575238,Mar
2012-04-01,0.026155347953614,0.003004755967888096,0.08745848489640994,0.3563182033844694,0.09773841530918867,0.07970899889293057,0.26822710738573463,0.10880910959987347,Apr
2012-05-01,0.02619470297611417,0.0029398201807628132,0.09075829383886255,0.3582938388625592,0.1018957345971564,0.07101105845181675,0.2672985781990521,0.10726698262243287,May
2012-06-01,0.026166367359914046,0.002984684906413009,0.09762054837693035,0.35936022691459185,0.10352978254018279,0.07319571383548693,0.259691144027734,0.10439647021745982,Jun
2012-07-01,0.025928274177677423,0.0029216613873356543,0.10690581542351454,0.351216814159292,0.10248103666245259,0.06850505689001264,0.26619785082174463,0.1029551201011378,Jul
2012-08-01,0.025932195870814786,0.0029275439270416994,0.09365728490097025,0.3540213294844038,0.10023253949162056,0.07561542779247855,0.2687835779007297,0.10079384171277364,Aug
2012-09-01,0.025996119468953808,0.0029946048796906117,0.09781262897234833,0.35319851423854726,0.08939331407346265,0.07841518778373917,0.2728848534874123,0.1040033016921172,Sep
2012-10-01,0.025582495761836455,0.002877420736585039,0.08982184097657539,0.3507093368525239,0.0999670075882547,0.08553282744968657,0.2720224348399868,0.10730781920158364,Oct
2012-11-01,0.025972919199636325,0.0031331480883439533,0.09037900874635568,0.346438983756768,0.10162432319866722,0.07613494377342774,0.2764681382757185,0.11103706788837985,Nov
2012-12-01,0.02491057702538288,0.002803240283403064,0.09155960318751016,0.3350138233859164,0.10318751016425436,0.08066352252398765,0.29208001301024555,0.1049764189299073,Dec
2013-01-01,0.024357784682283945,0.0027446486291106,0.09638360997514234,0.33076738032234787,0.10568518963996472,0.08002565953010986,0.2750380883650068,0.10199663218667308,Jan
2013-02-01,0.023782419247286257,0.0027446486291106,0.09062761506276151,0.3420083682008368,0.10736401673640167,0.07924686192468619,0.27665271966527194,0.10485355648535565,Feb
2013-03-01,0.02361952862751326,0.0027353183788133405,0.0952177260672427,0.3324493113183335,0.10599709128240226,0.08349730515869622,0.2706818376251176,0.11078792026691761,Mar
2013-04-01,0.023540233839232812,0.0026876035511009676,0.1022108843537415,0.33137755102040817,0.10535714285714286,0.07551020408163266,0.2707482993197279,0.11071428571428571,Apr
2013-05-01,0.02331384822693705,0.002691473390627391,0.08563583319032092,0.32572507293633085,0.1112064527200961,0.08083061609747726,0.28410846061438133,0.10914707396602025,May
2013-06-01,0.023163311469359182,0.0026670934016109244,0.09811930899497916,0.317675091481576,0.10492724023487363,0.08756701557314271,0.2877201940260403,0.10603352906135648,Jun
2013-07-01,0.023263618962741376,0.0026650814207792453,0.1027790030877812,0.31733568592853995,0.09625055138950155,0.08566387295985885,0.28610498456109396,0.11107190119100133,Jul
2013-08-01,0.02260235526339485,0.002568029322797111,0.09016756804681265,0.32910719035375474,0.10320063835446405,0.07802110116145049,0.27928007802110116,0.11428318113307917,Aug
2013-09-01,0.022304651804108382,0.00241859990209446,0.09884649511978705,0.3121561668145519,0.10860692102928128,0.08642413487133985,0.28047914818101155,0.10709849157054126,Sep
2013-10-01,0.022458494462901712,0.0027493154396278858,0.14179238505747127,0.31636135057471265,0.10353807471264367,0.07650862068965517,0.2745150862068966,0.10964439655172414,Oct
2013-11-01,0.021865685303952657,0.0025169465196258635,0.10151107814962455,0.3191804950403263,0.11124501715027348,0.08065263743394827,0.28200611847594326,0.10698062482617966,Nov
2013-12-01,0.02192166857510826,0.002653453673950484,0.09688581314878893,0.31314878892733566,0.1120722798923491,0.08217993079584775,0.28921568627450983,0.11524413687043444,Dec
2014-01-01,0.021970261426827096,0.0024954490036380476,0.09978435600862576,0.3206234071750637,0.10488139580474416,0.07998431680062733,0.27357380905704765,0.11350715545971378,Jan
2014-02-01,0.02175642034923914,0.0025603650450486777,0.09817373659290753,0.3115276838341869,0.11421393371340226,0.07865494250652237,0.28688762199246304,0.11682288143782008,Feb
2014-03-01,0.021225254386873334,0.002451535210919092,0.10077071290944123,0.30953757225433526,0.10732177263969171,0.07658959537572255,0.29161849710982657,0.11339113680154142,Mar
2014-04-01,0.02068687794155088,0.002453763269252314,0.10832817975675119,0.31148216862502576,0.11379097093382808,0.08307565450422594,0.2702535559678417,0.11152339723768295,Apr
2014-05-01,0.02027937457599883,0.002385719330414798,0.10700882442438381,0.2945532001217162,0.10690739425905264,0.08885282483010447,0.2899888426818136,0.10832741657368901,May
2014-06-01,0.019681424208449042,0.0023834385279956636,0.10433403805496828,0.2949260042283298,0.10951374207188161,0.09027484143763213,0.29534883720930233,0.10951374207188161,Jun
2014-07-01,0.019172709576540267,0.0022835465224870836,0.10074937552039967,0.27591590341382183,0.12031640299750208,0.08919650291423814,0.30089508742714405,0.1142797668609492,Jul
2014-08-01,0.018955517247806617,0.0022854384417269236,0.11324096260027086,0.27169496822585687,0.11105323471194917,0.0884467131992916,0.3026356912178352,0.10938639441608501,Aug
2014-09-01,0.01852378127727509,0.002232464703011399,0.10192183113798316,0.28233642841718853,0.10462103217447635,0.08767004966529907,0.3023105160872382,0.11908874973007989,Sep
2014-10-01,0.01825682638804958,0.0021754497553076717,0.09922135706340378,0.27875417130144603,0.10800889877641824,0.08687430478309233,0.3157953281423804,0.11924360400444939,Oct
2014-11-01,0.01814795972497011,0.0021969217269185008,0.11331133113311331,0.2716171617161716,0.10825082508250825,0.09064906490649065,0.3023102310231023,0.1152915291529153,Nov
2014-12-01,0.01793097980132384,0.0021434301485195933,0.10863829299070782,0.2750946426522886,0.11414477457841,0.09097166456349662,0.30698634851439716,0.11058850521968568,Dec
2015-01-01,0.017615068327356757,0.0021559680189581253,0.10253235790658413,0.2631401238041643,0.10917276308384918,0.09769274057400112,0.30917276308384917,0.11356218345526167,Jan
2015-02-01,0.017543477595155607,0.0022582940393293996,0.11803698104430747,0.2566577509012676,0.11071054773810908,0.10466333294569136,0.3058495173857425,0.10873357367135714,Feb
2015-03-01,0.017440401933609455,0.0021289809366624047,0.11920140927774515,0.2563711098062243,0.11168526130358192,0.10146799765120376,0.3094539048737522,0.09536112742219613,Mar
2015-04-01,0.017016642656903627,0.002133140390039201,0.1176608187134503,0.2617543859649123,0.10701754385964912,0.09836257309941521,0.31298245614035086,0.10210526315789474,Apr
2015-05-01,0.01685926761414199,0.002043637996051542,0.12780167534525697,0.25356576862123614,0.11704776997962418,0.09270998415213946,0.29522300203758206,0.11070862576409328,May
2015-06-01,0.016958839027453262,0.002041773362843466,0.12356008245422578,0.26021583606159815,0.10973687401479326,0.09276100400145508,0.30871832181399295,0.10985813022917425,Jun
2015-07-01,0.016651965435986956,0.0020604002226730714,0.11668911473001102,0.26913187216848294,0.11252601934614914,0.10297538875964246,0.3005999755112036,0.10211828088649443,Jul
2015-08-01,0.016720583625220893,0.0020414838569923644,0.11811811811811812,0.26564064064064064,0.11336336336336336,0.09697197197197197,0.29679679679679677,0.10535535535535535,Aug
2015-09-01,0.016638983616402158,0.0019992002160590197,0.11597318831415201,0.26912862020994055,0.10534969014797016,0.09852029846971039,0.30694321487289744,0.10623498166181865,Sep
2015-10-01,0.01628326112031079,0.0019693924257668874,0.12585205756122192,0.2687452663468821,0.10969452158545821,0.09909113860136329,0.3045947992931078,0.10414036859378945,Oct
2015-11-01,0.01628989952174596,0.0019804564281588363,0.11225,0.271125,0.104625,0.097875,0.305375,0.108875,Nov
2015-12-01,0.016254863514171453,0.0019988964321454175,0.11647906917920829,0.2588845326925509,0.10446439863412166,0.1030732262552169,0.31200202352346024,0.10825850512204375,Dec
2016-01-01,0.016200164286808278,0.0020518055510924055,0.10974170709322145,0.24190376294742363,0.11275730955814868,0.10095712599973777,0.32607840566408813,0.10646387832699619,Jan
2016-02-01,0.016148061928393558,0.0019575076207221003,0.12386393144637757,0.25188262788886,0.10607634380680343,0.09932485068813295,0.31796935860815373,0.10607634380680343,Feb
2016-03-01,0.01590406144708518,0.0019318233595317445,0.11568898379600552,0.25951513628941086,0.10739856801909307,0.10664489385755559,0.3100113051124231,0.09697274211782439,Mar
2016-04-01,0.015689676795724396,0.0019420446848127915,0.10995413412668897,0.2641626379075245,0.11739184331225982,0.10648320317342258,0.2888310400396678,0.10598735589438453,Apr
2016-05-01,0.015841170882979528,0.002004102503688388,0.11970726607422896,0.266466283324621,0.1021955044432828,0.10376372190277051,0.2894668060637742,0.11604809200209096,May
2016-06-01,0.0157462589246992,0.0019365689949120035,0.1452737603305785,0.2462551652892562,0.0981404958677686,0.10666322314049587,0.290676652892562,0.11841425619834711,Jun
2016-07-01,0.015507189564894965,0.0018844584339612828,0.1276010993325481,0.26514854076691535,0.09671508964795184,0.10849365266326397,0.2974741525978275,0.10522182960345504,Jul
2016-08-01,0.015582742254614307,0.0019142436289467926,0.12654162384378212,0.250513874614594,0.10251798561151079,0.11472250770811922,0.29008221993833505,0.111896197327852,Aug
2016-09-01,0.015324846054130014,0.0018270674485013978,0.1329058217025022,0.2453162328681001,0.11027285301144223,0.11593109518420722,0.2941028542688294,0.10096818810511757,Sep
2016-10-01,0.014983863248267606,0.0018493062910869698,0.1316092689796441,0.24107028549481502,0.10626040199718347,0.12251952374855972,0.3034182563052106,0.10190756625272052,Oct
2016-11-01,0.01478252165246318,0.0017766498085794481,0.11518601880047663,0.256057195816232,0.09837150801006223,0.12524824573017343,0.30411756917781013,0.09969548523765391,Nov
2016-12-01,0.014808909330189792,0.0018232800883977082,0.136550990559766,0.25129637016354206,0.09214200239329877,0.1176705225368967,0.2966360856269113,0.10583698976199973,Dec
2017-01-01,0.01497874213461284,0.0017562773093923753,0.13899303695768614,0.2688805570433851,0.08476164970540975,0.11609534011783611,0.29084092126405997,0.10551687198714516,Jan
2017-02-01,0.014825787655823545,0.0016573067642934197,0.1347065998102724,0.2704973573654967,0.08984957311288792,0.10868681393142703,0.29651714324434203,0.10055563084428784,Feb
2017-03-01,0.0145216781627013,0.0016824992666822447,0.1355860313869645,0.2594372967623356,0.10999575851830906,0.1119751166407465,0.28361374240067866,0.11183373391771526,Mar
2017-04-01,0.014016637908330543,0.001632908926827093,0.13245873889123994,0.2556072788827761,0.1177881224432219,0.10805473268444069,0.2896036112286641,0.1033996332345888,Apr
2017-05-01,0.0135926407045473,0.0017131924210345708,0.12185714285714286,0.25414285714285717,0.11542857142857142,0.11242857142857143,0.30514285714285716,0.09628571428571428,May
2017-06-01,0.013739588171623488,0.0017777059431655798,0.13298414084097193,0.24850865706387312,0.11188709442746982,0.116542994325622,0.2879383093263495,0.09646442601484068,Jun
2017-07-01,0.013766726336767557,0.0017915602767026274,0.1465467208357516,0.2440510737086477,0.09619849100406268,0.10780615206035983,0.3031050493325595,0.0983749274521184,Jul
2017-08-01,0.013740295822318595,0.0017697729607379423,0.14275628353572437,0.24668172832533183,0.09926574414007343,0.11324484608867552,0.2990680598700932,0.09051115504094888,Aug
2017-09-01,0.013520993986215044,0.0019458573340262986,0.13160198424277794,0.2544499562299387,0.09994163991829588,0.10927925299095419,0.30624452874234026,0.09571053399474759,Sep
2017-10-01,0.013541662255677614,0.0017240665780779935,0.13567164179104477,0.24880597014925374,0.10104477611940299,0.11074626865671641,0.30402985074626865,0.09208955223880597,Oct
2017-11-01,0.01397401331705321,0.0017632094725235207,0.14570416297608504,0.2330971361086507,0.09433126660761736,0.11307942131679953,0.30646589902568644,0.10377915559492176,Nov
2017-12-01,0.014027389991297112,0.0017265574895427088,0.14264173703256935,0.24728588661037396,0.10177925211097708,0.10856453558504221,0.3020205066344994,0.09212907117008444,Dec
2018-01-01,0.014037689042799733,0.0016682830751799126,0.12944983818770225,0.2585914624749576,0.10540915395284327,0.1108028972106642,0.30728925874556945,0.09970719679457543,Jan
2018-02-01,0.014000458495957248,0.001567228733750311,0.1317428962163805,0.2581674517550524,0.09892113660537913,0.1176113052727549,0.29630755204376236,0.10454338246467103,Feb
2018-03-01,0.013795867776641879,0.0016012680908634401,0.13241656365883808,0.25046353522867737,0.09904202719406675,0.13396168108776266,0.2949629171817058,0.09672435105067985,Mar
2018-04-01,0.013274818452098049,0.001566110405933272,0.13314754605976156,0.22697011921350055,0.11317541415079733,0.12432265056510296,0.31274191051246325,0.10187335500851526,Apr
2018-05-01,0.012412220395556924,0.0015643427869649498,0.13072950290510008,0.2316010329244674,0.10442220787604907,0.13766946417043255,0.30503550677856683,0.09231762427372499,May
2018-06-01,0.011874157181599714,0.0015738879293938886,0.14720024817744687,0.22460058942143632,0.10625096944315185,0.12362339072436793,0.3116178067318133,0.0843803319373352,Jun
2018-07-01,0.01165185067633463,0.0014758541213374277,0.13882163034705408,0.23099273607748183,0.11008878127522195,0.1344632768361582,0.28991121872477804,0.09055690072639225,Jul
2018-08-01,0.011370064686580469,0.0014688094715935736,0.13742690058479531,0.2113385315139701,0.10721247563352826,0.14343729694606888,0.2987329434697856,0.09324236517218973,Aug
2018-09-01,0.010926251752717662,0.001445562127438855,0.1378231516548658,0.20582907953235632,0.12069817223777375,0.12102749876502553,0.3150008233163181,0.09451671332125802,Sep
2018-10-01,0.01117612336862806,0.0014945938016121658,0.1366929640959588,0.2128481725970053,0.11463532442440831,0.11672838512316858,0.31234905812268554,0.09467074545161809,Oct
2018-11-01,0.011823429839044598,0.0015805504873856353,0.14341782502044154,0.21929681112019625,0.11054783319705642,0.11594439901880621,0.31463614063777595,0.09386753883892068,Nov
2018-12-01,0.012276719790143874,0.0015759895203854104,0.12145875723900454,0.22867428392549694,0.10862419784003756,0.13022382219439663,0.3089685396775708,0.0968852715604946,Dec
2019-01-01,0.012439550391098207,0.001557128322347359,0.14841698841698842,0.22501930501930503,0.10888030888030888,0.12463320463320464,0.30362934362934363,0.09482625482625483,Jan
2019-02-01,0.012593340842688068,0.0015553807035792924,0.12760756192959583,0.21479791395045633,0.1158735332464146,0.13624511082138202,0.3072033898305085,0.1016949152542373,Feb
2019-03-01,0.012444443723648793,0.001480582620306041,0.13592389551757497,0.22573363431151242,0.09158336020638504,0.12495969042244437,0.32054176072234764,0.10061270557884554,Mar
2019-04-01,0.011602795557301069,0.0014603578566720068,0.1276631437678242,0.2221103841637309,0.11407481966113069,0.12112061734608287,0.326958563999329,0.09696359671196109,Apr
2019-05-01,0.011334744174789163,0.0015212786254247127,0.14704890387858346,0.21652613827993256,0.0881956155143339,0.139460370994941,0.3143338954468803,0.09865092748735245,May
2019-06-01,0.011355631295504376,0.001567926528355356,0.13108677337826452,0.22342038753159224,0.09856781802864364,0.15113732097725358,0.3058129738837405,0.08576242628475148,Jun
2019-07-01,0.011310703064495258,0.0014459114585820118,0.1437056591321564,0.2265302755320904,0.10031347962382445,0.13875598086124402,0.2931859429137106,0.09536380135291206,Jul
2019-08-01,0.011231646035105163,0.001463248526430717,0.13641715727502102,0.22607232968881413,0.11068124474348191,0.13355761143818334,0.2950378469301934,0.09671993271656855,Aug
2019-09-01,0.010963961707521156,0.001452846285721494,0.1328002781157657,0.22075438901442726,0.09247349209108291,0.14444637580392838,0.2864592386580914,0.11228924039631497,Sep
2019-10-01,0.01118065275255098,0.0014662301802464911,0.14052120592743997,0.2117186169306762,0.11633452563447454,0.142224493272015,0.2907511497189576,0.10390052801907682,Oct
2019-11-01,0.011641418608958242,0.0015501627912712019,0.1361622358554874,0.23773006134969324,0.10361281526925699,0.13104976141785957,0.2883435582822086,0.09662576687116564,Nov
2019-12-01,0.01222376586075932,0.0016302959836898558,0.1375363061677772,0.23338458909960705,0.09892362890825218,0.14214932513241074,0.2863488809157697,0.09824021869126943,Dec
2020-01-01,0.01239579587209979,0.0014838461382794081,0.10836599079911399,0.22814789572329186,0.10887715113307207,0.14176179928437554,0.32117907650366334,0.09712046345203612,Jan
2020-02-01,0.012188883684372197,0.001447352474553743,0.13349556752998434,0.22301407961063793,0.1089866156787763,0.13314792282287502,0.3151399269946115,0.08864940031288024,Feb
2022-01-01,0.01233269197058907,0.0017322254370903734,0.15123220572478188,0.25455380376549824,0.09719883667534057,0.1449563753252717,0.3015459972447574,0.06857492729220879,Jan
2022-02-01,0.011833011556043771,0.0015859421852959523,0.1368021508777479,0.24814170488692078,0.08983077653012811,0.15198481733354421,0.306658231851969,0.06816384627550214,Feb
2022-03-01,0.01117763362102421,0.0015569752047426015,0.12149842532736616,0.22708436930217138,0.10774075915796452,0.12995193104591413,0.3378087187137411,0.07740759157964529,Mar
2022-04-01,0.01022959835014661,0.0015211564148151552,0.1501251042535446,0.2316930775646372,0.1005838198498749,0.1322768974145121,0.3102585487906589,0.08490408673894913,Apr
2022-05-01,0.009762539056583648,0.0014979462817252525,0.13714668004683056,0.22328148519819369,0.09014885432346546,0.13012209399565144,0.3253052349891286,0.08947984612811508,May
2022-06-01,0.009750041292612161,0.0015175856251090163,0.12635983263598327,0.21422594142259413,0.09154811715481172,0.140418410041841,0.3384100418410042,0.07564853556485356,Jun
2022-07-01,0.009822972139769848,0.001539115697901609,0.1492201039861352,0.20849220103986135,0.10190641247833622,0.1462738301559792,0.3149046793760832,0.08422876949740035,Jul
2022-08-01,0.009996845659262399,0.0015271244206952262,0.13792519884921306,0.23168048739211372,0.09815535623624978,0.15281773565747164,0.30665087155187004,0.07175495007615502,Aug
2022-09-01,0.0098363741554711,0.0013931042636827122,0.14024708543587958,0.2035844788585349,0.09622411693057248,0.15712545676004872,0.31407690969201324,0.079867757090656,Sep
2022-10-01,0.00982682289026732,0.00141059537875029,0.14069591527987896,0.21331316187594554,0.09682299546142209,0.14489830223566985,0.3124894940326105,0.08337535720289124,Oct
2022-11-01,0.010151273752309588,0.0014673394672834333,0.13281514025008448,0.22625887124028388,0.10239945927678269,0.13957418046637377,0.30111524163568776,0.09547144305508617,Nov
2022-12-01,0.010903219956184373,0.0014495851819141675,0.13578965576889812,0.23404255319148937,0.08354955889984432,0.1414980107247881,0.31499740529320186,0.08579830479155856,Dec
2023-01-01,0.011039800165851661,0.001407505694461761,0.1315424610051993,0.22357019064124783,0.09393414211438475,0.15251299826689774,0.31369150779896016,0.09705372616984402,Jan
2023-02-01,0.011332313574236134,0.0014780530458956636,0.1367963921830633,0.2353432436946718,0.09203273759812929,0.14865542007683313,0.3056622682478704,0.0871889093034909,Feb
2023-03-01,0.011585251639133298,0.0015761310710598693,0.1382488479262673,0.26352619901006996,0.09626216077828981,0.14319849803720772,0.28793309438470727,0.08107185526540366,Mar
2023-04-01,0.011682112323060673,0.0014731987801342248,0.12841482512615277,0.2444753784583261,0.08508787193318253,0.13676700887419524,0.3100748216460762,0.09535409779015139,Apr
2023-05-01,0.011739978264054856,0.00153855325466883,0.12804076265614728,0.2618343195266272,0.09944115713346482,0.12721893491124261,0.30128205128205127,0.08481262327416174,May
2023-06-01,0.011983355604118619,0.001707045259328359,0.13266499582289057,0.24126984126984127,0.09473684210526316,0.13350041771094404,0.2969089390142022,0.09172932330827067,Jun
2023-07-01,0.012003195070601439,0.0015885389830100488,0.11835218639203106,0.23670437278406212,0.09809218301536383,0.1441836906972818,0.3143677190612865,0.0884686814114469,Jul
2023-08-01,0.0122027755423189,0.001654728107302134,0.1303585657370518,0.24573705179282868,0.09306772908366534,0.12812749003984064,0.30661354581673306,0.09147410358565737,Aug
2023-09-01,0.012158536892919599,0.0014764227112499858,0.1310168951227287,0.22649027733503346,0.10137073637233025,0.1267134204654128,0.3248326426522155,0.09101051960471788,Sep
2023-10-01,0.012140680457558622,0.001410069364011435,0.13615967816803343,0.2511217700758162,0.09005105987931301,0.12378152560730311,0.28825622775800713,0.09825158595079685,Oct
2023-11-01,0.012078644112174053,0.0014620457614958043,0.14359139094121426,0.25377449405717956,0.09331834243495021,0.13138451654352715,0.28091872791519434,0.09251525859299711,Nov
2023-12-01,0.012047793605280105,0.001393638115774441,0.14394059093063674,0.2475904566282193,0.09543371780692052,0.13066835203033655,0.2818770737873282,0.09811976615579081,Dec
2024-01-01,0.011852762710758344,0.0014105271139824953,0.14008097165991903,0.25668016194331983,0.0968421052631579,0.12809716599190282,0.3008906882591093,0.09165991902834009,Jan
2024-02-01,0.011961136543392932,0.0014005233755854563,0.12750539623805118,0.26811594202898553,0.10129509713228492,0.10946654332408264,0.30126426148627816,0.09851988899167438,Feb
2024-03-01,0.011997816917515409,0.0014352030020285248,0.12160711547308695,0.2547155344272351,0.09308388284005521,0.1260542861524306,0.29719368195062107,0.10105811992025764,Mar
2024-04-01,0.011850576294438697,0.0013968233586016741,0.13213074313906875,0.26811594202898553,0.09481961147086032,0.12102991057662658,0.299722479185939,0.09034844279987665,Apr
2024-05-01,0.011950230755218842,0.0014748860195461196,0.12569790251999396,0.26376942809717824,0.0935566621397314,0.1094009355666214,0.3091896785875962,0.09732910819375283,May
2024-06-01,0.012230924153082912,0.0015599244927451753,0.11931405318994333,0.239500072663857,0.10507193721842756,0.10957709635227438,0.30853073681150994,0.10303734922249673,Jun
2024-07-01,0.012335358288720509,0.0015700449324028652,0.15370526908988447,0.23809523809523808,0.10538179768948999,0.1207382361228515,0.3071287686672302,0.09101155255001409,Jul
2024-08-01,0.012271828546461005,0.0015260373505251875,0.12289395441030723,0.23885034687809711,0.10859408183491434,0.12006229647458587,0.3024210675350418,0.09882486195667563,Aug
2024-09-01,0.01214179110527358,0.0014856694934644605,0.1316980581106731,0.24499926996641846,0.09592641261498029,0.11943349394072127,0.2997517885822748,0.09388231858665498,Sep
2024-10-01,0.01233208733747801,0.001557997664962128,0.11768090922169472,0.26212055819306573,0.10358221838584376,0.11537908214645375,0.30858869227449287,0.08746942885915696,Oct
2024-11-01,0.012357147194099622,0.001445558045120417,0.10847792354351812,0.26519960502186485,0.10368176047397376,0.12018620397799408,0.3031457187191423,0.0995909155028918,Nov
2024-12-01,0.012277681069812665,0.0014689692269642923,0.125,0.2476878612716763,0.09869942196531792,0.1365606936416185,0.29624277456647397,0.09378612716763006,Dec
2025-01-01,0.012280808445472023,0.0014136655418425833,0.12192279679533867,0.25112891478514204,0.10080116533139112,0.1325564457392571,0.3105608157319738,0.09730517115804807,Jan
2025-02-01,0.012229850734080023,0.0014794174275096802,0.11528716216216216,0.24760698198198197,0.10543355855855856,0.12880067567567569,0.3113738738738739,0.09473536036036036,Feb
2025-03-01,0.012264041714626915,0.001466267050376261,0.11469433538979248,0.25420639371845205,0.09688726864834549,0.12184520471116096,0.3059450364554122,0.10417835109366237,Mar
2025-04-01,0.01229416037154717,0.0014806117385312207,0.1220125786163522,0.2673654786862334,0.093361285814116,0.1193570929419986,0.31306778476589797,0.09909154437456325,Apr
2025-05-01,0.012504692539019382,0.0015202914772604074,0.12127483443708609,0.26393487858719644,0.09188741721854304,0.09740618101545254,0.31608719646799116,0.10126931567328919,May
2025-06-01,0.012790976934974588,0.0015675136456653898,0.1229089878083357,0.2682166146867026,0.07740289197618372,0.1169549191947831,0.30620924298270485,0.10249503827615537,Jun
2025-07-01,0.0127412133834556,0.001449315067112808,0.12926292629262925,0.26045104510451045,0.07948294829482948,0.10794829482948295,0.3023927392739274,0.13503850385038504,Jul
2025-08-01,0.012700318488785374,0.0015023148506054208,0.12059620596205962,0.2616531165311653,0.08495934959349594,0.10636856368563685,0.3119241192411924,0.1073170731707317,Aug
2025-09-01,0.012580905396348313,0.0015311048564532598,0.11097961867192636,0.2645627876397107,0.08783694937541091,0.11308349769888232,0.3071663379355687,0.10690335305719921,Sep
2025-11-01,0.012617282118752921,0.0014518230252538544,0.12877522169386968,0.24881120678576019,0.08006682945636807,0.1106541575632952,0.3341472818403804,0.09947307544017478,Nov
2025-12-01,0.012332988536244805,0.0014312598843835773,0.12381713981074237,0.2624283619885379,0.07663601226176196,0.11088897774223644,0.3114754098360656,0.11195521791283487,Dec
2026-01-01,0.012078314413856768,0.0013807140505477458,0.11387079261672095,0.2725298588490771,0.08808360477741585,0.14087947882736157,0.2942453854505972,0.10803474484256244,Jan
2026-02-01,0.012076358728232763,0.0014064639112638156,0.12217672698454629,0.26905296526218464,0.08691057984414212,0.11451591599524501,0.30643243957205124,0.10632677321357813,Feb
2026-03-01,0.011871395300959904,0.0013556136275595168,0.12114933001795829,0.25984251968503935,0.08910070451719851,0.12405028318828568,0.3113689736151402,0.09863240779113137,Mar
